"","gene","tid","V2","V3","V4","V5","V6","V7","V8","V9","V10","V11","V12","V13","V14"
"1","g10773","g10773.t1","a474ee5107eb75e01255fefdf126e581",348,"Pfam","PF00135","Carboxylesterase family",102,338,"1.4E-16",TRUE,"27-07-2020","IPR002018","Carboxylesterase, type B",""
"2","g10773","g10773.t2","f6aa963b641822e4196e5ad0215182cf",237,"Pfam","PF00135","Carboxylesterase family",146,227,"1.8E-7",TRUE,"27-07-2020","IPR002018","Carboxylesterase, type B",""
"3","g10773","g10773.t1","a474ee5107eb75e01255fefdf126e581",348,"Pfam","PF00135","Carboxylesterase family",3,83,"1.0E-14",TRUE,"27-07-2020","IPR002018","Carboxylesterase, type B",""
"4","g10773","g10773.t2","f6aa963b641822e4196e5ad0215182cf",237,"Pfam","PF00135","Carboxylesterase family",3,83,"4.9E-15",TRUE,"27-07-2020","IPR002018","Carboxylesterase, type B",""
"5","g10968","g10968.t1","14ce9231e8133513d086815ae4f3171b",214,"SignalP_EUK","SignalP-noTM","",1,22,"-",TRUE,"27-07-2020","","",""
"7","g1124","g1124.t1","e9eb5953ddbc66014bb41a03d9787572",145,"SignalP_EUK","SignalP-noTM","",1,27,"-",TRUE,"27-07-2020","","",""
"8","g11244","g11244.t1","b6b1dd18c28d2c3e1a0607713eebec9c",293,"Pfam","PF13873","Myb/SANT-like DNA-binding domain",16,83,"2.0E-10",TRUE,"27-07-2020","IPR028002","Myb/SANT-like DNA-binding domain",""
"9","g1125","g1125.t1","709f0aa99384952687240585480e1b8b",107,"SignalP_EUK","SignalP-noTM","",1,36,"-",TRUE,"27-07-2020","","",""
"12","g11727","g11727.t1","d7d06c5fe30dc874329785d56ea1cecb",578,"Pfam","PF13843","Transposase IS4",111,465,"9.2E-71",TRUE,"27-07-2020","IPR029526","PiggyBac transposable element-derived protein",""
"13","g11901","g11901.t1","d73608e8cc427980f464d58f9e0d8c1c",724,"SignalP_EUK","SignalP-noTM","",1,16,"-",TRUE,"27-07-2020","","",""
"14","g11911","g11911.t1","5db1fb730b4e3f95a3dd797ef0a42f6d",443,"SignalP_EUK","SignalP-noTM","",1,23,"-",TRUE,"27-07-2020","","",""
"17","g12210","g12210.t1","381d2bb2d0a016deecc182ebdd7cbc0c",387,"Pfam","PF09820","Predicted AAA-ATPase",1,273,"2.5E-57",TRUE,"27-07-2020","IPR018631","AAA-ATPase-like domain",""
"20","g13191","g13191.t1","6a05b99f30c14885f53042d97e569a0b",318,"SignalP_EUK","SignalP-noTM","",1,16,"-",TRUE,"27-07-2020","","",""
"22","g13773","g13773.t1","ccd23a74f54306108a68b358a839bca9",430,"Pfam","PF06109","Haemolysin E (HlyE)",32,341,"3.8E-98",TRUE,"27-07-2020","IPR027018","Hemolysin E","GO:0009405|GO:0044179"
"23","g13773","g13773.t1","ccd23a74f54306108a68b358a839bca9",430,"SignalP_EUK","SignalP-noTM","",1,19,"-",TRUE,"27-07-2020","","",""
"25","g13953","g13953.t1","5053671a42897424faca29dc5af3aeb1",498,"Pfam","PF08214","Histone acetylation protein",116,270,"4.8E-12",TRUE,"27-07-2020","IPR013178","Histone acetyltransferase Rtt109/CBP","GO:0004402|GO:0006355|GO:0016573"
"26","g13953","g13953.t2","9206601204061ab3b79f8bc25291c098",495,"Pfam","PF08214","Histone acetylation protein",116,271,"3.8E-12",TRUE,"27-07-2020","IPR013178","Histone acetyltransferase Rtt109/CBP","GO:0004402|GO:0006355|GO:0016573"
"27","g13953","g13953.t3","a2532918e694ed470b678668bb26b225",494,"Pfam","PF08214","Histone acetylation protein",116,270,"4.2E-12",TRUE,"27-07-2020","IPR013178","Histone acetyltransferase Rtt109/CBP","GO:0004402|GO:0006355|GO:0016573"
"28","g14433","g14433.t1","3d0750ffb224ef3450c2f06195c78c4f",475,"Pfam","PF10551","MULE transposase domain",236,305,"6.7E-11",TRUE,"27-07-2020","IPR018289","MULE transposase domain",""
"29","g14433","g14433.t1","3d0750ffb224ef3450c2f06195c78c4f",475,"Pfam","PF04500","FLYWCH zinc finger domain",7,66,"1.7E-11",TRUE,"27-07-2020","IPR007588","Zinc finger, FLYWCH-type",""
"31","g1484","g1484.t1","c2851c2984bd08694cb88f4fb66ab486",655,"Pfam","PF07722","Peptidase C26",33,250,"2.4E-17",TRUE,"27-07-2020","IPR011697","Peptidase C26","GO:0016787"
"32","g1484","g1484.t1","c2851c2984bd08694cb88f4fb66ab486",655,"Pfam","PF07722","Peptidase C26",365,582,"1.2E-18",TRUE,"27-07-2020","IPR011697","Peptidase C26","GO:0016787"
"33","g14861","g14861.t1","3dfad275c5837dc2b40ba88954155a13",767,"Pfam","PF01728","FtsJ-like methyltransferase",187,394,"2.3E-24",TRUE,"27-07-2020","IPR002877","Ribosomal RNA methyltransferase FtsJ domain","GO:0008168|GO:0032259"
"34","g15418","g15418.t2","82d6c54ab02040c22dd90776d920ac3f",264,"Pfam","PF00194","Eukaryotic-type carbonic anhydrase",96,238,"7.7E-7",TRUE,"27-07-2020","IPR001148","Alpha carbonic anhydrase domain",""
"35","g15418","g15418.t1","ddf940a790f741a98c7deca5ea86aa40",264,"Pfam","PF00194","Eukaryotic-type carbonic anhydrase",96,238,"7.5E-7",TRUE,"27-07-2020","IPR001148","Alpha carbonic anhydrase domain",""
"36","g15418","g15418.t1","ddf940a790f741a98c7deca5ea86aa40",264,"SignalP_EUK","SignalP-noTM","",1,23,"-",TRUE,"27-07-2020","","",""
"39","g1592","g1592.t1","7480bbf722d69797705ef9380a303848",405,"Pfam","PF05585","Putative peptidase (DUF1758)",215,372,"3.1E-7",TRUE,"27-07-2020","IPR008737","Peptidase aspartic, putative",""
"40","g17216","g17216.t1","045149cc55c3bc69f7899337657e61ee",425,"Pfam","PF07690","Major Facilitator Superfamily",18,340,"3.8E-36",TRUE,"27-07-2020","IPR011701","Major facilitator superfamily","GO:0016021|GO:0055085"
"41","g1752","g1752.t1","5076d4af268071262c779d80305627e8",354,"Pfam","PF00098","Zinc knuckle",312,326,"1.0E-4",TRUE,"27-07-2020","IPR001878","Zinc finger, CCHC-type","GO:0003676|GO:0008270"
"42","g1752","g1752.t1","5076d4af268071262c779d80305627e8",354,"Pfam","PF14223","gag-polypeptide of LTR copia-type",78,204,"6.1E-12",TRUE,"27-07-2020","","",""
"43","g17634","g17634.t1","c5165ffdb34a1d826b249b1ab7203128",223,"SignalP_EUK","SignalP-noTM","",1,17,"-",TRUE,"27-07-2020","","",""
"44","g17634","g17634.t1","c5165ffdb34a1d826b249b1ab7203128",223,"Pfam","PF13895","Immunoglobulin domain",47,113,"1.3E-9",TRUE,"27-07-2020","IPR007110","Immunoglobulin-like domain",""
"45","g17634","g17634.t1","c5165ffdb34a1d826b249b1ab7203128",223,"Pfam","PF07679","Immunoglobulin I-set domain",119,200,"1.4E-7",TRUE,"27-07-2020","IPR013098","Immunoglobulin I-set",""
"46","g17869","g17869.t1","6e705614342554a617be2420ba751124",319,"Pfam","PF00067","Cytochrome P450",10,290,"5.2E-51",TRUE,"27-07-2020","IPR001128","Cytochrome P450","GO:0005506|GO:0016705|GO:0020037|GO:0055114"
"47","g17908","g17908.t1","ad109c9f9aa9548f8319f98691c5a4f0",455,"Pfam","PF00067","Cytochrome P450",24,418,"2.0E-66",TRUE,"27-07-2020","IPR001128","Cytochrome P450","GO:0005506|GO:0016705|GO:0020037|GO:0055114"
"49","g18500","g18500.t1","4a33d51133f146f237f1bc8c24c21548",300,"SignalP_EUK","SignalP-noTM","",1,23,"-",TRUE,"27-07-2020","","",""
"50","g18500","g18500.t1","4a33d51133f146f237f1bc8c24c21548",300,"Pfam","PF00194","Eukaryotic-type carbonic anhydrase",43,265,"6.5E-19",TRUE,"27-07-2020","IPR001148","Alpha carbonic anhydrase domain",""
"54","g19261","g19261.t1","a1b4dbd91698a40d33aaa10ce80a254c",692,"Pfam","PF09820","Predicted AAA-ATPase",2,219,"1.6E-16",TRUE,"27-07-2020","IPR018631","AAA-ATPase-like domain",""
"55","g19773","g19773.t1","375c4af4f4251343adfba5c4c02b6e89",842,"SignalP_EUK","SignalP-noTM","",1,20,"-",TRUE,"27-07-2020","","",""
"56","g19773","g19773.t1","375c4af4f4251343adfba5c4c02b6e89",842,"Pfam","PF01094","Receptor family ligand binding region",77,178,"7.5E-10",TRUE,"27-07-2020","IPR001828","Receptor, ligand binding region",""
"57","g19773","g19773.t1","375c4af4f4251343adfba5c4c02b6e89",842,"Pfam","PF07562","Nine Cysteines Domain of family 3 GPCR",459,510,"7.8E-11",TRUE,"27-07-2020","IPR011500","GPCR, family 3, nine cysteines domain","GO:0004930|GO:0007186"
"58","g19773","g19773.t1","375c4af4f4251343adfba5c4c02b6e89",842,"Pfam","PF01094","Receptor family ligand binding region",193,407,"2.7E-19",TRUE,"27-07-2020","IPR001828","Receptor, ligand binding region",""
"59","g19773","g19773.t1","375c4af4f4251343adfba5c4c02b6e89",842,"Pfam","PF00003","7 transmembrane sweet-taste receptor of 3 GCPR",544,779,"1.0E-47",TRUE,"27-07-2020","IPR017978","GPCR family 3, C-terminal","GO:0004930|GO:0007186|GO:0016021"
"60","g19949","g19949.t1","ae53f68d244c1086c6476b77d7419dc2",523,"Pfam","PF13843","Transposase IS4",422,512,"4.2E-13",TRUE,"27-07-2020","IPR029526","PiggyBac transposable element-derived protein",""
"61","g19949","g19949.t1","ae53f68d244c1086c6476b77d7419dc2",523,"Pfam","PF13843","Transposase IS4",102,299,"1.3E-36",TRUE,"27-07-2020","IPR029526","PiggyBac transposable element-derived protein",""
"62","g2001","g2001.t1","c25588d93b5334de6eb57ee8e9771dcf",290,"Pfam","PF07690","Major Facilitator Superfamily",3,219,"8.3E-9",TRUE,"27-07-2020","IPR011701","Major facilitator superfamily","GO:0016021|GO:0055085"
"63","g20017","g20017.t1","561617a1fd91e5803abb3459757fe48b",288,"Pfam","PF00118","TCP-1/cpn60 chaperonin family",13,284,"2.1E-69",TRUE,"27-07-2020","IPR002423","Chaperonin Cpn60/TCP-1 family","GO:0005524"
"64","g20018","g20018.t1","b0fee60d4a8e97894bbb43c7adb13406",216,"Pfam","PF00118","TCP-1/cpn60 chaperonin family",5,200,"1.3E-55",TRUE,"27-07-2020","IPR002423","Chaperonin Cpn60/TCP-1 family","GO:0005524"
"65","g20279","g20279.t2","08f8412d4c0a351f5b60b9086926e288",472,"Pfam","PF00083","Sugar (and other) transporter",47,455,"1.2E-47",TRUE,"27-07-2020","IPR005828","Major facilitator,  sugar transporter-like","GO:0016021|GO:0022857|GO:0055085"
"66","g20279","g20279.t1","08f8412d4c0a351f5b60b9086926e288",472,"Pfam","PF00083","Sugar (and other) transporter",47,455,"1.2E-47",TRUE,"27-07-2020","IPR005828","Major facilitator,  sugar transporter-like","GO:0016021|GO:0022857|GO:0055085"
"67","g20623","g20623.t1","b2fc4762819793453ed6a0bb06670728",383,"Pfam","PF00160","Cyclophilin type peptidyl-prolyl cis-trans isomerase/CLD",232,381,"5.4E-29",TRUE,"27-07-2020","IPR002130","Cyclophilin-type peptidyl-prolyl cis-trans isomerase domain","GO:0000413|GO:0003755"
"69","g20946","g20946.t1","748d98a2d244dc4dc9a21aedab862a99",514,"Pfam","PF04500","FLYWCH zinc finger domain",9,68,"2.6E-11",TRUE,"27-07-2020","IPR007588","Zinc finger, FLYWCH-type",""
"70","g20946","g20946.t1","748d98a2d244dc4dc9a21aedab862a99",514,"Pfam","PF10551","MULE transposase domain",214,319,"2.4E-15",TRUE,"27-07-2020","IPR018289","MULE transposase domain",""
"71","g21055","g21055.t1","1e1364229b05eb8086874f3bbf2379bc",250,"Pfam","PF14223","gag-polypeptide of LTR copia-type",32,107,"3.2E-7",TRUE,"27-07-2020","","",""
"75","g22019","g22019.t1","ea7f181f061009eb902b19244d12a485",1025,"SignalP_EUK","SignalP-TM","",1,20,"-",TRUE,"27-07-2020","","",""
"78","g22397","g22397.t1","765f6accd5f678224f89eb6ba5457d77",131,"SignalP_EUK","SignalP-noTM","",1,23,"-",TRUE,"27-07-2020","","",""
"79","g22478","g22478.t1","ae945eda945f935f10b655fe111efaad",1190,"Pfam","PF01094","Receptor family ligand binding region",128,492,"1.4E-38",TRUE,"27-07-2020","IPR001828","Receptor, ligand binding region",""
"80","g22478","g22478.t1","ae945eda945f935f10b655fe111efaad",1190,"Pfam","PF07714","Protein tyrosine kinase",649,883,"1.8E-35",TRUE,"27-07-2020","IPR001245","Serine-threonine/tyrosine-protein kinase, catalytic domain","GO:0004672|GO:0006468"
"81","g22478","g22478.t1","ae945eda945f935f10b655fe111efaad",1190,"Pfam","PF00211","Adenylate and Guanylate cyclase catalytic domain",952,1135,"2.9E-68",TRUE,"27-07-2020","IPR001054","Adenylyl cyclase class-3/4/guanylyl cyclase","GO:0009190|GO:0016849|GO:0035556"
"82","g22528","g22528.t2","03a56beb5fb4775a79bdb4bf552385e4",289,"Pfam","PF05585","Putative peptidase (DUF1758)",22,85,"1.7E-6",TRUE,"27-07-2020","IPR008737","Peptidase aspartic, putative",""
"83","g22528","g22528.t2","03a56beb5fb4775a79bdb4bf552385e4",289,"Pfam","PF18701","Family of unknown function (DUF5641)",117,202,"1.1E-16",TRUE,"27-07-2020","IPR040676","Domain of unknown function DUF5641",""
"84","g22528","g22528.t1","0a2c2e42d2290a854558835fb42dee00",229,"Pfam","PF18701","Family of unknown function (DUF5641)",57,142,"6.7E-17",TRUE,"27-07-2020","IPR040676","Domain of unknown function DUF5641",""
"85","g22599","g22599.t1","58d44f472160ab64cc94405cd53f36a4",808,"Pfam","PF17921","Integrase zinc binding domain",589,632,"4.5E-11",TRUE,"27-07-2020","IPR041588","Integrase zinc-binding domain",""
"86","g22652","g22652.t1","6a836e34bb986bd0ee1f61ef5731e664",275,"SignalP_EUK","SignalP-noTM","",1,18,"-",TRUE,"27-07-2020","","",""
"87","g22652","g22652.t1","6a836e34bb986bd0ee1f61ef5731e664",275,"Pfam","PF00201","UDP-glucoronosyl and UDP-glucosyl transferase",116,270,"1.0E-12",TRUE,"27-07-2020","IPR002213","UDP-glucuronosyl/UDP-glucosyltransferase","GO:0016758"
"88","g22863","g22863.t1","2c13f42216962d4352a8d5449695a61b",366,"Pfam","PF00651","BTB/POZ domain",193,303,"2.1E-21",TRUE,"27-07-2020","IPR000210","BTB/POZ domain","GO:0005515"
"91","g23072","g23072.t1","9fc4095454a197251f08968d950fcc5a",237,"Pfam","PF01833","IPT/TIG domain",122,205,"4.8E-10",TRUE,"27-07-2020","IPR002909","IPT domain",""
"92","g23072","g23072.t1","9fc4095454a197251f08968d950fcc5a",237,"SignalP_EUK","SignalP-noTM","",1,23,"-",TRUE,"27-07-2020","","",""
"93","g23072","g23072.t1","9fc4095454a197251f08968d950fcc5a",237,"Pfam","PF01833","IPT/TIG domain",27,110,"4.3E-7",TRUE,"27-07-2020","IPR002909","IPT domain",""
"94","g23116","g23116.t1","ab9838b8d8379fcec1a3e2f3126d73c2",272,"SignalP_EUK","SignalP-noTM","",1,22,"-",TRUE,"27-07-2020","","",""
"95","g23148","g23148.t2","c70a1ac22238f841f5c41e541722a66b",1143,"Pfam","PF17900","Peptidase M1 N-terminal domain",142,344,"1.2E-26",TRUE,"27-07-2020","","",""
"96","g23148","g23148.t1","fbe10a56075b944a4735b226f5793948",1126,"Pfam","PF01433","Peptidase family M1 domain",373,505,"7.6E-12",TRUE,"27-07-2020","IPR014782","Peptidase M1, membrane alanine aminopeptidase","GO:0008237|GO:0008270"
"97","g23148","g23148.t1","fbe10a56075b944a4735b226f5793948",1126,"Pfam","PF01433","Peptidase family M1 domain",547,616,"8.4E-7",TRUE,"27-07-2020","IPR014782","Peptidase M1, membrane alanine aminopeptidase","GO:0008237|GO:0008270"
"98","g23148","g23148.t2","c70a1ac22238f841f5c41e541722a66b",1143,"Pfam","PF01433","Peptidase family M1 domain",558,627,"8.5E-7",TRUE,"27-07-2020","IPR014782","Peptidase M1, membrane alanine aminopeptidase","GO:0008237|GO:0008270"
"99","g23148","g23148.t2","c70a1ac22238f841f5c41e541722a66b",1143,"Pfam","PF01433","Peptidase family M1 domain",384,516,"7.8E-12",TRUE,"27-07-2020","IPR014782","Peptidase M1, membrane alanine aminopeptidase","GO:0008237|GO:0008270"
"100","g23148","g23148.t3","ffba4d16ec430dd529147f9ca1641970",1132,"Pfam","PF17900","Peptidase M1 N-terminal domain",131,333,"1.2E-26",TRUE,"27-07-2020","","",""
"101","g23148","g23148.t1","fbe10a56075b944a4735b226f5793948",1126,"Pfam","PF17900","Peptidase M1 N-terminal domain",131,333,"1.2E-26",TRUE,"27-07-2020","","",""
"102","g23148","g23148.t3","ffba4d16ec430dd529147f9ca1641970",1132,"Pfam","PF11838","ERAP1-like C-terminal domain",726,1070,"8.7E-52",TRUE,"27-07-2020","IPR024571","ERAP1-like C-terminal domain",""
"103","g23148","g23148.t1","fbe10a56075b944a4735b226f5793948",1126,"Pfam","PF11838","ERAP1-like C-terminal domain",726,1070,"8.6E-52",TRUE,"27-07-2020","IPR024571","ERAP1-like C-terminal domain",""
"104","g23148","g23148.t3","ffba4d16ec430dd529147f9ca1641970",1132,"Pfam","PF01433","Peptidase family M1 domain",547,616,"8.4E-7",TRUE,"27-07-2020","IPR014782","Peptidase M1, membrane alanine aminopeptidase","GO:0008237|GO:0008270"
"105","g23148","g23148.t2","c70a1ac22238f841f5c41e541722a66b",1143,"Pfam","PF11838","ERAP1-like C-terminal domain",737,1081,"8.8E-52",TRUE,"27-07-2020","IPR024571","ERAP1-like C-terminal domain",""
"106","g23148","g23148.t3","ffba4d16ec430dd529147f9ca1641970",1132,"Pfam","PF01433","Peptidase family M1 domain",373,505,"7.7E-12",TRUE,"27-07-2020","IPR014782","Peptidase M1, membrane alanine aminopeptidase","GO:0008237|GO:0008270"
"108","g23373","g23373.t1","efcd7dc1208b5db2751f62cbc335c353",669,"Pfam","PF00083","Sugar (and other) transporter",34,138,"2.6E-9",TRUE,"27-07-2020","IPR005828","Major facilitator,  sugar transporter-like","GO:0016021|GO:0022857|GO:0055085"
"109","g23380","g23380.t1","9dd6e501fcd8de28779855e45554f578",1177,"Pfam","PF12775","P-loop containing dynein motor region",486,656,"1.6E-44",TRUE,"27-07-2020","","",""
"110","g23380","g23380.t1","9dd6e501fcd8de28779855e45554f578",1177,"Pfam","PF17852","Dynein heavy chain AAA lid domain",347,476,"1.0E-20",TRUE,"27-07-2020","IPR041466","Dynein heavy chain, AAA 5 extension domain",""
"111","g23380","g23380.t1","9dd6e501fcd8de28779855e45554f578",1177,"Pfam","PF12774","Hydrolytic ATP binding site of dynein motor region",10,187,"6.1E-31",TRUE,"27-07-2020","IPR035699","Dynein heavy chain, hydrolytic ATP-binding dynein motor region","GO:0005524"
"112","g23380","g23380.t1","9dd6e501fcd8de28779855e45554f578",1177,"Pfam","PF12780","P-loop containing dynein motor region D4",854,1113,"1.1E-65",TRUE,"27-07-2020","IPR024317","Dynein heavy chain, AAA module D4",""
"113","g23380","g23380.t1","9dd6e501fcd8de28779855e45554f578",1177,"Pfam","PF17857","AAA+ lid domain",697,781,"1.7E-5",TRUE,"27-07-2020","IPR041589","Dynein heavy chain 3, AAA+ lid domain",""
"114","g23478","g23478.t1","6f2a6440215f38c61bde1de37a752fd3",496,"Pfam","PF05380","Pao retrotransposon peptidase",115,185,"2.5E-14",TRUE,"27-07-2020","IPR008042","Retrotransposon, Pao",""
"115","g23478","g23478.t1","6f2a6440215f38c61bde1de37a752fd3",496,"Pfam","PF18701","Family of unknown function (DUF5641)",370,465,"1.4E-18",TRUE,"27-07-2020","IPR040676","Domain of unknown function DUF5641",""
"116","g244","g244.t1","05adf1e49353db137e87dcd6eac9a81e",406,"SignalP_EUK","SignalP-noTM","",1,22,"-",TRUE,"27-07-2020","","",""
"118","g2571","g2571.t1","7cb3557dfc9c6acd1f25fd465c860171",619,"Pfam","PF03184","DDE superfamily endonuclease",372,447,"2.2E-9",TRUE,"27-07-2020","IPR004875","DDE superfamily endonuclease domain","GO:0003676"
"122","g2891","g2891.t1","8ffd5241f4fd1c14fb4a4266ebf2f3e4",419,"Pfam","PF08395","7tm Chemosensory receptor",153,392,"2.1E-10",TRUE,"27-07-2020","IPR013604","7TM chemoreceptor","GO:0016021|GO:0050909"
"123","g2938","g2938.t1","12360368114fb96f67e31f32e55b6cd8",203,"Pfam","PF03221","Tc5 transposase DNA-binding domain",71,129,"3.3E-7",TRUE,"27-07-2020","IPR006600","HTH CenpB-type DNA-binding domain",""
"124","g2938","g2938.t1","12360368114fb96f67e31f32e55b6cd8",203,"Pfam","PF05225","helix-turn-helix, Psq domain",17,57,"1.1E-7",TRUE,"27-07-2020","IPR007889","DNA binding HTH domain, Psq-type","GO:0003677"
"127","g3239","g3239.t1","9cf32fc67f9bf3cef71df16addac3442",499,"Pfam","PF07993","Male sterility protein",18,287,"7.2E-65",TRUE,"27-07-2020","IPR013120","Male sterility, NAD-binding",""
"128","g3239","g3239.t1","9cf32fc67f9bf3cef71df16addac3442",499,"Pfam","PF03015","Male sterility protein",361,454,"3.2E-26",TRUE,"27-07-2020","IPR033640","Fatty acyl-CoA reductase, C-terminal",""
"132","g3441","g3441.t1","b978c1e43cc0dbcc71256955cac1d5b7",468,"Pfam","PF07993","Male sterility protein",18,288,"2.2E-70",TRUE,"27-07-2020","IPR013120","Male sterility, NAD-binding",""
"133","g3441","g3441.t1","b978c1e43cc0dbcc71256955cac1d5b7",468,"Pfam","PF03015","Male sterility protein",361,454,"9.5E-24",TRUE,"27-07-2020","IPR033640","Fatty acyl-CoA reductase, C-terminal",""
"134","g3534","g3534.t2","9c27a9c3e5e96c40840cf50dcc5335a7",599,"SignalP_EUK","SignalP-noTM","",1,18,"-",TRUE,"27-07-2020","","",""
"135","g3534","g3534.t1","cd3ee586414db2b3a9e9b34bc610a5a0",307,"Pfam","PF00106","short chain dehydrogenase",31,169,"5.0E-23",TRUE,"27-07-2020","IPR002347","Short-chain dehydrogenase/reductase SDR",""
"136","g3534","g3534.t3","9b5c8e84d45b6cf8577da830ada48382",263,"Pfam","PF13561","Enoyl-(Acyl carrier protein) reductase",11,120,"2.4E-12",TRUE,"27-07-2020","","",""
"137","g3534","g3534.t2","9c27a9c3e5e96c40840cf50dcc5335a7",599,"Pfam","PF00106","short chain dehydrogenase",31,169,"2.0E-22",TRUE,"27-07-2020","IPR002347","Short-chain dehydrogenase/reductase SDR",""
"138","g3534","g3534.t1","cd3ee586414db2b3a9e9b34bc610a5a0",307,"SignalP_EUK","SignalP-noTM","",1,18,"-",TRUE,"27-07-2020","","",""
"139","g3534","g3534.t2","9c27a9c3e5e96c40840cf50dcc5335a7",599,"Pfam","PF00106","short chain dehydrogenase",320,456,"1.4E-19",TRUE,"27-07-2020","IPR002347","Short-chain dehydrogenase/reductase SDR",""
"140","g354","g354.t1","d723a6712df683df1f965bf3d2051a44",709,"Pfam","PF09820","Predicted AAA-ATPase",123,409,"1.4E-59",TRUE,"27-07-2020","IPR018631","AAA-ATPase-like domain",""
"144","g4173","g4173.t1","5c2b2870dfd2136da3ca0dbc22005302",1462,"Pfam","PF00005","ABC transporter",646,740,"1.7E-10",TRUE,"27-07-2020","IPR003439","ABC transporter-like","GO:0005524|GO:0016887"
"145","g4173","g4173.t1","5c2b2870dfd2136da3ca0dbc22005302",1462,"Pfam","PF00664","ABC transporter transmembrane region",353,559,"7.6E-26",TRUE,"27-07-2020","IPR011527","ABC transporter type 1, transmembrane domain","GO:0005524|GO:0016021|GO:0042626|GO:0055085"
"146","g4173","g4173.t1","5c2b2870dfd2136da3ca0dbc22005302",1462,"Pfam","PF00664","ABC transporter transmembrane region",902,1173,"1.8E-34",TRUE,"27-07-2020","IPR011527","ABC transporter type 1, transmembrane domain","GO:0005524|GO:0016021|GO:0042626|GO:0055085"
"147","g4173","g4173.t1","5c2b2870dfd2136da3ca0dbc22005302",1462,"Pfam","PF00005","ABC transporter",1239,1387,"9.4E-31",TRUE,"27-07-2020","IPR003439","ABC transporter-like","GO:0005524|GO:0016887"
"148","g4226","g4226.t1","8be995ef05368c92c24f4bf568e60f8b",1069,"Pfam","PF07727","Reverse transcriptase (RNA-dependent DNA polymerase)",824,1057,"6.8E-58",TRUE,"27-07-2020","IPR013103","Reverse transcriptase, RNA-dependent DNA polymerase",""
"149","g4226","g4226.t1","8be995ef05368c92c24f4bf568e60f8b",1069,"Pfam","PF00665","Integrase core domain",483,598,"3.0E-15",TRUE,"27-07-2020","IPR001584","Integrase, catalytic core","GO:0015074"
"150","g4226","g4226.t1","8be995ef05368c92c24f4bf568e60f8b",1069,"Pfam","PF14223","gag-polypeptide of LTR copia-type",50,199,"1.3E-14",TRUE,"27-07-2020","","",""
"151","g4426","g4426.t1","99eb30a2bf65d290546aab1452505137",334,"Pfam","PF13843","Transposase IS4",1,110,"1.6E-24",TRUE,"27-07-2020","IPR029526","PiggyBac transposable element-derived protein",""
"152","g4593","g4593.t1","cee2e29cd82b68fc3799b8696eac0597",220,"Pfam","PF00194","Eukaryotic-type carbonic anhydrase",5,137,"2.0E-8",TRUE,"27-07-2020","IPR001148","Alpha carbonic anhydrase domain",""
"155","g5036","g5036.t1","3192d0ce28bfc8764a5d095e39b8f791",403,"Pfam","PF02958","Ecdysteroid kinase",35,312,"1.1E-56",TRUE,"27-07-2020","IPR004119","Ecdysteroid kinase-like",""
"156","g507","g507.t1","631551ee0bc45ee9fff94dbd87ca6d45",202,"Pfam","PF11838","ERAP1-like C-terminal domain",3,181,"1.1E-18",TRUE,"27-07-2020","IPR024571","ERAP1-like C-terminal domain",""
"158","g5232","g5232.t1","7f7af4f552c6d7ed3a1943e0a2da840e",858,"Pfam","PF18694","Transactive response DNA-binding protein N-terminal domain",29,91,"4.8E-16",TRUE,"27-07-2020","IPR041105","TAR DNA-binding protein 43, N-terminal",""
"159","g5248","g5248.t1","fc43db5df954bcbdba3e95c59d72edb5",375,"Pfam","PF00199","Catalase",2,282,"7.0E-118",TRUE,"27-07-2020","IPR011614","Catalase core domain","GO:0004096|GO:0020037|GO:0055114"
"160","g5248","g5248.t1","fc43db5df954bcbdba3e95c59d72edb5",375,"Pfam","PF06628","Catalase-related immune-responsive",308,369,"4.1E-17",TRUE,"27-07-2020","IPR010582","Catalase immune-responsive domain",""
"162","g5312","g5312.t1","9f36cb5071e30728da7be23248f7110f",294,"Pfam","PF13843","Transposase IS4",100,162,"1.5E-9",TRUE,"27-07-2020","IPR029526","PiggyBac transposable element-derived protein",""
"164","g5653","g5653.t1","0d240413892bba261044ce79d1251e17",895,"Pfam","PF07727","Reverse transcriptase (RNA-dependent DNA polymerase)",429,648,"4.8E-41",TRUE,"27-07-2020","IPR013103","Reverse transcriptase, RNA-dependent DNA polymerase",""
"165","g5653","g5653.t1","0d240413892bba261044ce79d1251e17",895,"Pfam","PF00665","Integrase core domain",117,233,"1.5E-19",TRUE,"27-07-2020","IPR001584","Integrase, catalytic core","GO:0015074"
"166","g5671","g5671.t1","e82237911f357a862be7f6987a1167ec",707,"Pfam","PF13843","Transposase IS4",97,298,"7.6E-39",TRUE,"27-07-2020","IPR029526","PiggyBac transposable element-derived protein",""
"167","g5671","g5671.t1","e82237911f357a862be7f6987a1167ec",707,"Pfam","PF13843","Transposase IS4",390,561,"6.3E-24",TRUE,"27-07-2020","IPR029526","PiggyBac transposable element-derived protein",""
"168","g5775","g5775.t1","920b06413139fb5675c5c362fcc7b4b5",425,"SignalP_EUK","SignalP-noTM","",1,21,"-",TRUE,"27-07-2020","","",""
"171","g5914","g5914.t1","83e62152316044061dabacd094d7f256",1015,"Pfam","PF13087","AAA domain",645,840,"7.7E-58",TRUE,"27-07-2020","IPR041679","DNA2/NAM7 helicase-like, AAA domain",""
"172","g5914","g5914.t1","83e62152316044061dabacd094d7f256",1015,"Pfam","PF18141","Domain of unknown function (DUF5599)",302,392,"1.1E-26",TRUE,"27-07-2020","IPR040812","Domain of unknown function DUF5599",""
"173","g5914","g5914.t1","83e62152316044061dabacd094d7f256",1015,"Pfam","PF13086","AAA domain",538,634,"1.1E-23",TRUE,"27-07-2020","IPR041677","DNA2/NAM7 helicase, AAA domain",""
"174","g5914","g5914.t1","83e62152316044061dabacd094d7f256",1015,"Pfam","PF09416","RNA helicase (UPF2 interacting domain)",100,250,"7.0E-71",TRUE,"27-07-2020","IPR018999","RNA helicase UPF1, UPF2-interacting domain","GO:0000184|GO:0003677|GO:0004386|GO:0005524|GO:0005737|GO:0008270"
"175","g5914","g5914.t1","83e62152316044061dabacd094d7f256",1015,"Pfam","PF13086","AAA domain",449,526,"3.3E-17",TRUE,"27-07-2020","IPR041677","DNA2/NAM7 helicase, AAA domain",""
"183","g6828","g6828.t2","aa767126a6f707e70c172ab047b3b9f4",874,"Pfam","PF14291","Domain of unknown function (DUF4371)",320,552,"7.8E-35",TRUE,"27-07-2020","IPR025398","Domain of unknown function DUF4371",""
"184","g6828","g6828.t1","6bf247a97ae565e921d5bb2e8058903e",663,"Pfam","PF14291","Domain of unknown function (DUF4371)",320,552,"4.6E-35",TRUE,"27-07-2020","IPR025398","Domain of unknown function DUF4371",""
"185","g6828","g6828.t2","aa767126a6f707e70c172ab047b3b9f4",874,"Pfam","PF05699","hAT family C-terminal dimerisation region",762,838,"2.1E-7",TRUE,"27-07-2020","IPR008906","HAT, C-terminal dimerisation domain","GO:0046983"
"186","g6857","g6857.t1","b25aae1c7cb9cb23cb2b76545255c605",319,"Pfam","PF13843","Transposase IS4",9,238,"2.7E-38",TRUE,"27-07-2020","IPR029526","PiggyBac transposable element-derived protein",""
"190","g7751","g7751.t1","c782834323b87ed2e5bd9f7cddeac485",396,"SignalP_EUK","SignalP-noTM","",1,27,"-",TRUE,"27-07-2020","","",""
"194","g8319","g8319.t1","7c0044ecac144a41f86a6c7d543e943e",494,"Pfam","PF13873","Myb/SANT-like DNA-binding domain",10,84,"6.8E-6",TRUE,"27-07-2020","IPR028002","Myb/SANT-like DNA-binding domain",""
"197","g864","g864.t1","fa910916a14a0fd8cd8a882f82f1c867",148,"Pfam","PF15868","Transcription activator MBF2",55,145,"8.9E-10",TRUE,"27-07-2020","IPR031734","Transcription activator MBF2",""
"201","g9057","g9057.t1","fbfce9a1e9825ffed9780e5b021e1be6",702,"Pfam","PF18694","Transactive response DNA-binding protein N-terminal domain",14,80,"1.5E-17",TRUE,"27-07-2020","IPR041105","TAR DNA-binding protein 43, N-terminal",""
"202","g9057","g9057.t1","fbfce9a1e9825ffed9780e5b021e1be6",702,"Pfam","PF09820","Predicted AAA-ATPase",157,427,"9.2E-19",TRUE,"27-07-2020","IPR018631","AAA-ATPase-like domain",""
"203","g9061","g9061.t1","539db18847991238ecb2a4fb16d5aaff",443,"Pfam","PF09820","Predicted AAA-ATPase",3,129,"4.0E-23",TRUE,"27-07-2020","IPR018631","AAA-ATPase-like domain",""
"204","g9431","g9431.t1","d13b551746dc22580756e2493a698df1",483,"SignalP_EUK","SignalP-noTM","",1,19,"-",TRUE,"27-07-2020","","",""
"206","g9804","g9804.t1","0b5d120f8f1daa29d4838d6c401ac0b2",248,"Pfam","PF00076","RNA recognition motif. (a.k.a. RRM, RBD, or RNP domain)",107,161,"9.7E-8",TRUE,"27-07-2020","IPR000504","RNA recognition motif domain","GO:0003676"
"207","g9804","g9804.t1","0b5d120f8f1daa29d4838d6c401ac0b2",248,"Pfam","PF00076","RNA recognition motif. (a.k.a. RRM, RBD, or RNP domain)",21,69,"9.5E-11",TRUE,"27-07-2020","IPR000504","RNA recognition motif domain","GO:0003676"
