"","gene","logFC","AveExpr","t","P.Value","adj.P.Val","de","seq.x","b.status.final","gene_len","seq.y","blast","diamond","pfam_acc","pfam_descr","ipr_acc","ipr_descr","GO","anno"
"1","g13530",3.95298840880886,6.04110097652638,22.1847011582614,4.97793132997183e-18,8.9931307407271e-14,"B+","scaffold_266","A",3107,"scaffold_266","SAP_BOVIN","A0A437BE89","PF05184;PF02199;PF03489","Saposin-like type B, region 1; Saposin A-type domain; Saposin-like type B, region 2","IPR007856;IPR003119;IPR008138","Saposin-like type B, region 1; Saposin A-type domain; Saposin B type, region 2","GO:0006629","Y"
"2","g18439",8.50214020388629,-1.70743816964732,17.2701954885136,1.67243950965327e-15,1.5107146090698e-11,"B+","scaffold_1579","B3",577,"scaffold_1579","CSN4_DANRE","A0A2J7R0G0","PF18420;PF01399","CSN4/RPN5/eIF3a helix turn helix domain; PCI domain","IPR041406;IPR000717","COP9 signalosome complex subunit 4, helix turn helix domain; Proteasome component (PCI) domain",NA,"Y"
"3","g15704",-2.03114875071876,4.61782873548755,-14.2322134374635,1.20857981508733e-13,7.27806764645591e-10,"B-","scaffold_493","A",3104,"scaffold_493","MCM9_XENTR","A0A067RI06","PF17207;PF00493;PF17855","MCM OB domain; MCM P-loop domain; MCM AAA-lid domain","IPR033762;IPR001208;IPR041562","MCM OB domain; MCM domain; MCM, AAA-lid domain","GO:0003677;GO:0005524;GO:0006270","Y"
"4","g20018",4.32930444551053,4.01640625208197,13.8972075184088,2.04075941848576e-13,7.982489931706e-10,"B+","scaffold_894","A",643,"scaffold_894","TCPA_DROME","A0A2J7QHG0","PF00118","TCP-1/cpn60 chaperonin family","IPR002423","Chaperonin Cpn60/TCP-1 family","GO:0005524","Y"
"5","g4057",8.48363552364339,-0.89024394009844,13.787686277359,2.53674204989263e-13,7.982489931706e-10,"B+","scaffold_438","A",1747,"scaffold_438",NA,NA,"PF00651;PF07707","BTB/POZ domain; BTB And C-terminal Kelch","IPR000210;IPR011705","BTB/POZ domain; BTB/Kelch-associated","GO:0005515","Y"
"6","g1128",3.46938204132285,5.11027986606442,13.6442969676965,3.03957279469524e-13,7.982489931706e-10,"B+","scaffold_605","A",2789,"scaffold_605",NA,"A0A2J7PQL3","PF00621","RhoGEF domain","IPR000219","Dbl homology (DH) domain","GO:0005089;GO:0035023","Y"
"7","g9061",4.92653524657632,-3.07373319471595,13.6362892378768,3.09296078390026e-13,7.982489931706e-10,"B+","scaffold_848","B1",1328,"scaffold_848",NA,NA,"PF09820","Predicted AAA-ATPase","IPR018631","AAA-ATPase-like domain",NA,"Y"
"8","g22042",4.3489103909788,3.19637578423363,13.4544756760692,4.12875443086252e-13,9.3237596934953e-10,"B+","scaffold_342","A",2273,"scaffold_342","HSP7D_MANSE","A0A423SC79","PF00012;PF10551;PF15299","Hsp70 protein; MULE transposase domain; Amyotrophic lateral sclerosis 2 chromosomal region candidate gene 8","IPR013126;IPR018289;IPR029309","Heat shock protein 70 family; MULE transposase domain; Calcium-responsive transcription factor",NA,"Y"
"9","g12841",-5.42274001709808,-3.17388521783186,-12.6994123602923,1.44135027001157e-12,2.89327044200323e-09,"B-","scaffold_44","A",454,"scaffold_44",NA,NA,"PF10260","Uncharacterized conserved domain (SAYSvFN)","IPR019387","Uncharacterised domain SAYSvFN",NA,"Y"
"10","g9804",3.63616002638008,3.0842760230152,12.1235990575979,3.8330218841139e-12,6.92473733584018e-09,"B+","scaffold_47","A",738,"scaffold_47","TADBP_XENTR","T1HYV6","PF00076","RNA recognition motif. (a.k.a. RRM, RBD, or RNP domain)","IPR000504","RNA recognition motif domain","GO:0003676","Y"
"11","g9057",-2.7695041762255,5.11384857718509,-11.1493121767831,2.20079994951045e-11,3.61451380798688e-08,"B-","scaffold_740","A",2103,"scaffold_740",NA,"C3WB46","PF18694;PF09820","Transactive response DNA-binding protein N-terminal domain; Predicted AAA-ATPase","IPR041105;IPR018631","TAR DNA-binding protein 43, N-terminal; AAA-ATPase-like domain",NA,"Y"
"14","g17872",-5.54277641360674,-2.27172306326479,-10.5694725769141,6.63426201469661e-11,8.56104125410779e-08,"B-","scaffold_146","A",560,"scaffold_146","C4G15_DROME",NA,"PF00067","Cytochrome P450","IPR001128","Cytochrome P450","GO:0005506;GO:0016705;GO:0020037;GO:0055114","Y"
"15","g1208",5.54754334613436,-2.87201699259281,10.3718308083628,9.71435719033379e-11,1.1699971800038e-07,"B+","scaffold_2293","B1",283,"scaffold_2293","FAS_CHICK","A0A2J7PFW7",NA,NA,NA,NA,NA,"Y"
"16","g17204",-3.06297696662171,2.48596116229206,-10.2054612740009,1.3271913035437e-10,1.49856488061378e-07,"B-","scaffold_57","A",1121,"scaffold_57","DUT_HUMAN","A0A2A4JSL6","PF00692;PF00098;PF14223","dUTPase; Zinc knuckle; gag-polypeptide of LTR copia-type","IPR029054;IPR001878","dUTPase-like; Zinc finger, CCHC-type","GO:0003676;GO:0008270","Y"
"17","g13531",6.25600674354412,-1.64086704185584,10.1450222894522,1.52646299973718e-10,1.62218120901482e-07,"B+","scaffold_266","A",886,"scaffold_266",NA,NA,"PF05485","THAP domain","IPR006612","THAP-type zinc finger","GO:0003676","Y"
"21","g6329",-5.24136961722691,-2.30560867310141,-9.94539109114503,2.24098377382022e-10,1.92788632656362e-07,"B-","scaffold_235","A",313,"scaffold_235","PCNA_BOMMO","R4G4N7","PF02747","Proliferating cell nuclear antigen, C-terminal domain","IPR022649","Proliferating cell nuclear antigen, PCNA, C-terminal","GO:0003677;GO:0006275","Y"
"24","g2645",8.79510384992582,-1.05722486430816,9.18488597443969,1.12404152074271e-09,8.46122254739078e-07,"B+","scaffold_1454","B3",894,"scaffold_1454",NA,"J9K3D3","PF00975","Thioesterase domain","IPR001031","Thioesterase","GO:0009058;GO:0016788","Y"
"26","g3541",-4.3702356142576,1.10441504753187,-9.00865729449946,1.5223969920395e-09,1.0578316945456e-06,"B-","scaffold_10","A",1613,"scaffold_10",NA,"A0A482X7A4",NA,NA,NA,NA,NA,"Y"
"27","g19940",1.61081052651714,3.20983784182826,8.89646821294247,1.92183474307232e-09,1.28592098030905e-06,"B+","scaffold_236","A",923,"scaffold_236",NA,NA,"PF13873","Myb/SANT-like DNA-binding domain","IPR028002","Myb/SANT-like DNA-binding domain",NA,"Y"
"28","g17317",-3.88775485775078,1.29335131813833,-8.86046209665886,2.0799614400051e-09,1.34202083482615e-06,"B-","scaffold_390","A",1170,"scaffold_390","ZNF41_HUMAN",NA,"PF00096;PF12874;PF13912","Zinc finger, C2H2 type; Zinc-finger of C2H2 type; C2H2-type zinc finger","IPR013087","Zinc finger C2H2-type","GO:0003676","Y"
"30","g18640",-4.10038504389481,-0.440417286034945,-8.80226659499818,2.35747447831572e-09,1.41967113084172e-06,"B-","scaffold_362","A",244,"scaffold_362",NA,NA,"PF00012","Hsp70 protein","IPR013126","Heat shock protein 70 family",NA,"Y"
"34","g3503",6.67376123009056,-0.158570504967582,8.66267832546551,3.27867512940923e-09,1.74213367317374e-06,"B+","scaffold_10","A",5368,"scaffold_10",NA,NA,"PF00651;PF07707","BTB/POZ domain; BTB And C-terminal Kelch","IPR000210;IPR011705","BTB/POZ domain; BTB/Kelch-associated","GO:0005515","Y"
"35","g19773",-5.38978393132165,-0.26197296848762,-8.6251545990774,3.48909178650962e-09,1.80096949185951e-06,"B-","scaffold_60","A",2514,"scaffold_60","GRM1_HUMAN","B0WMA9","PF01094;PF07562;PF00003","Receptor family ligand binding region; Nine Cysteines Domain of family 3 GPCR; 7 transmembrane sweet-taste receptor of 3 GCPR","IPR001828;IPR011500;IPR017978","Receptor, ligand binding region; GPCR, family 3, nine cysteines domain; GPCR family 3, C-terminal","GO:0004930;GO:0007186;GO:0016021","Y"
"36","g1157",-2.07500293882322,1.26208411609263,-8.45531516911381,4.9737848220776e-09,2.49601101654594e-06,"B-","scaffold_494","A",1297,"scaffold_494","YM67_CAEEL","A0A1A9UJ87","PF05577","Serine carboxypeptidase S28","IPR008758","Peptidase S28","GO:0006508;GO:0008236","Y"
"39","g5582",6.40546836345542,-2.5211708929538,8.29623123191714,7.2732135617594e-09,3.36917631299347e-06,"B+","scaffold_897","B1",663,"scaffold_897","FAS_ANSAN","A0A158NZW8","PF00109","Beta-ketoacyl synthase, N-terminal domain","IPR014030","Beta-ketoacyl synthase, N-terminal",NA,"Y"
"44","g17760",4.0723007016356,0.427879275207443,8.19608888572954,8.83573839425388e-09,3.52097235810086e-06,"B+","scaffold_186","A",1826,"scaffold_186","PEPT1_DROME","A0A2J7R2B1","PF00854","POT family","IPR000109","Proton-dependent oligopeptide transporter family","GO:0016020;GO:0022857;GO:0055085","Y"
"46","g21179",9.10942669323715,-1.29243887773886,8.227132723199,8.9651681873486e-09,3.52097235810086e-06,"B+","scaffold_98","A",2174,"scaffold_98","PGBD4_HUMAN","A0A087UIR8","PF13843;PF13842","Transposase IS4; DDE_Tnp_1-like zinc-ribbon","IPR029526;IPR032718","PiggyBac transposable element-derived protein; PiggyBac transposable element-derived protein 4, C-terminal zinc-ribbon",NA,"Y"
"47","g13497",-3.94555680411849,2.23124815097115,-8.16455174736561,9.47084575856343e-09,3.64043190370653e-06,"B-","scaffold_143","A",1513,"scaffold_143",NA,"E0VQ39",NA,NA,NA,NA,NA,"Y"
"48","g18233",6.02117240354445,-2.61257547929675,8.14797503701663,1.00454364885024e-08,3.7808511583601e-06,"B+","scaffold_78","A",2754,"scaffold_78",NA,"A0A1I8MK77","PF04937;PF05699;PF02892","Protein of unknown function (DUF 659); hAT family C-terminal dimerisation region; BED zinc finger","IPR007021;IPR008906;IPR003656","Domain of unknown function DUF659; HAT, C-terminal dimerisation domain; Zinc finger, BED-type","GO:0046983;GO:0003677","Y"
"49","g20686",7.4930017516815,-1.53913852124519,8.11056134848426,1.12249203930946e-08,4.13855942493156e-06,"B+","scaffold_131","A",2058,"scaffold_131",NA,NA,"PF00057;PF00089","Low-density lipoprotein receptor domain class A; Trypsin","IPR002172;IPR001254","Low-density lipoprotein (LDL) receptor class A repeat; Serine proteases, trypsin domain","GO:0005515;GO:0004252;GO:0006508","Y"
"51","g20279",6.34242896834424,-1.82216229407356,8.03923826430833,1.28825180787977e-08,4.56344258061881e-06,"B+","scaffold_119","A",1413,"scaffold_119",NA,NA,"PF00083","Sugar (and other) transporter","IPR005828","Major facilitator,  sugar transporter-like","GO:0016021;GO:0022857;GO:0055085","Y"
"54","g354",3.58016170143659,1.52960707644533,7.81211411131167,2.08798290245729e-08,6.98546279922099e-06,"B+","scaffold_42","A",2124,"scaffold_42",NA,"A0A374CGF3","PF09820","Predicted AAA-ATPase","IPR018631","AAA-ATPase-like domain",NA,"Y"
"55","g4224",8.13053622251506,-1.05938047896454,7.81992675331747,2.19490650257771e-08,7.20966925010344e-06,"B+","scaffold_28","A",1133,"scaffold_28","SPOP_XENTR","N6U5F7","PF00651","BTB/POZ domain","IPR000210","BTB/POZ domain","GO:0005515","Y"
"56","g10471",-1.41998309062494,7.13317810494175,-7.76659973608772,2.31117619986524e-08,7.45601950477953e-06,"B-","scaffold_23","A",5388,"scaffold_23","ECM29_HUMAN","A0A067QU84","PF13001","Proteasome stabiliser","IPR024372","Proteasome component Ecm29","GO:0043248;GO:0060090","Y"
"58","g23148",-2.37504283778355,6.97861861710146,-7.73651244318917,2.47528534774869e-08,7.71008708490136e-06,"B-","scaffold_64","A",3360,"scaffold_64","AMPN_RABIT","A0A195F0B1","PF01433;PF17900;PF11838","Peptidase family M1 domain; Peptidase M1 N-terminal domain; ERAP1-like C-terminal domain","IPR014782;IPR024571","Peptidase M1, membrane alanine aminopeptidase; ERAP1-like C-terminal domain","GO:0008237;GO:0008270","Y"
"59","g20048",8.80513850960102,-0.808860439618259,7.75698980763244,2.57403877481851e-08,7.88179398404596e-06,"B+","scaffold_850","A",2636,"scaffold_850","NRDC_MOUSE","A0A087ZSL6","PF00675;PF16187;PF05193","Insulinase (Peptidase family M16); Middle or third domain of peptidase_M16; Peptidase M16 inactive domain","IPR011765;IPR032632;IPR007863","Peptidase M16, N-terminal; Peptidase M16, middle/third domain; Peptidase M16, C-terminal",NA,"Y"
"62","g15798",-7.40232518847759,0.166629867438536,-7.62888414078499,3.34651685123711e-08,9.75131829587898e-06,"B-","scaffold_1906","A",1750,"scaffold_1906",NA,NA,"PF07707;PF00651","BTB And C-terminal Kelch; BTB/POZ domain","IPR011705;IPR000210","BTB/Kelch-associated; BTB/POZ domain","GO:0005515","Y"
"63","g15797",-8.38864479872409,0.591468375431862,-7.59940325511351,3.66308090100646e-08,1.05043205646957e-05,"B-","scaffold_1906","A",755,"scaffold_1906","CBP_MOUSE","G5BVC5","PF02135","TAZ zinc finger","IPR000197","Zinc finger, TAZ-type","GO:0003712;GO:0004402;GO:0005634;GO:0006355;GO:0008270","Y"
"65","g4590",8.26329271572396,-0.634112260046297,7.52250643477642,4.36437389610092e-08,1.21302736626091e-05,"B+","scaffold_793","A",853,"scaffold_793","ELOV6_CHICK","Q29D49","PF01151","GNS1/SUR4 family","IPR002076","ELO family","GO:0016021","Y"
"69","g13953",6.3118940086533,-3.69146331361429,7.42562787801061,5.24041718214627e-08,1.37207792482108e-05,"B+","scaffold_2040","B1",1483,"scaffold_2040","EP300_HUMAN","A0A3B3RK67","PF08214","Histone acetylation protein","IPR013178","Histone acetyltransferase Rtt109/CBP","GO:0004402;GO:0006355;GO:0016573","Y"
"70","g5914",1.94806347725138,4.03469893386856,7.38906386063699,5.50957891067674e-08,1.42194360857551e-05,"B+","scaffold_139","A",3028,"scaffold_139","RENT1_DROME","T1HV29","PF18141;PF13086;PF09416;PF13087","Domain of unknown function (DUF5599); AAA domain; RNA helicase (UPF2 interacting domain); AAA domain","IPR040812;IPR041677;IPR018999;IPR041679","Domain of unknown function DUF5599; DNA2/NAM7 helicase, AAA domain; RNA helicase UPF1, UPF2-interacting domain; DNA2/NAM7 helicase-like, AAA domain","GO:0000184;GO:0003677;GO:0004386;GO:0005524;GO:0005737;GO:0008270","Y"
"72","g2809",6.60551430058492,-2.19439990934987,7.31472120960479,6.83032177188709e-08,1.71384157126267e-05,"B+","scaffold_817","A",281,"scaffold_817",NA,NA,"PF16093","Proteasome assembly chaperone 4","IPR032157","Proteasome assembly chaperone 4","GO:0043248","Y"
"80","g10916",5.04175079959994,-3.34096126498072,6.99118698740092,1.42727845734926e-07,3.22315157630897e-05,"B+","scaffold_1","A",1824,"scaffold_1",NA,"X1XR80","PF15299;PF10551","Amyotrophic lateral sclerosis 2 chromosomal region candidate gene 8; MULE transposase domain","IPR029309;IPR018289","Calcium-responsive transcription factor; MULE transposase domain",NA,"Y"
"81","g5232",10.9707153991411,0.390273114386357,6.96071785251635,1.75642858332846e-07,3.91748626992741e-05,"B+","scaffold_2160","B3",2567,"scaffold_2160",NA,NA,"PF18694","Transactive response DNA-binding protein N-terminal domain","IPR041105","TAR DNA-binding protein 43, N-terminal",NA,"Y"
"82","g8581",-3.91737750711143,-3.81333731643427,-6.8933927746706,1.78093774688454e-07,3.92370991892879e-05,"B-","scaffold_447","A",1240,"scaffold_447",NA,NA,"PF02949","7tm Odorant receptor","IPR004117","Olfactory receptor, insect","GO:0004984;GO:0005549;GO:0007608;GO:0016020","Y"
"83","g2486",2.44855185605024,0.483360125743712,6.87101309316443,1.87013140766334e-07,4.07057759166819e-05,"B+","scaffold_49","A",1706,"scaffold_49",NA,"D6WTN9",NA,NA,NA,NA,NA,"Y"
"85","g10279",4.70509299402584,5.31982181295914,6.82443439966284,2.11715316691587e-07,4.49982224864732e-05,"B+","scaffold_150","A",2259,"scaffold_150","M10B1_DANRE","A0A2J7QS54","PF13087;PF13086","AAA domain; AAA domain","IPR041679;IPR041677","DNA2/NAM7 helicase-like, AAA domain; DNA2/NAM7 helicase, AAA domain",NA,"Y"
"87","g5248",-4.71128941109447,-0.130109006282734,-6.81362125364042,2.17303635161308e-07,4.51242238255654e-05,"B-","scaffold_814","B3",1116,"scaffold_814","CATA_ASCSU","A0A2J7REJ5","PF06628;PF00199","Catalase-related immune-responsive; Catalase","IPR010582;IPR011614","Catalase immune-responsive domain; Catalase core domain","GO:0004096;GO:0020037;GO:0055114","Y"
"88","g13495",-3.45147942687384,1.62903776654401,-6.80435634149272,2.19852453720286e-07,4.51347094194396e-05,"B-","scaffold_143","A",1559,"scaffold_143","ERMP1_HUMAN","A0A067R1N3","PF04389","Peptidase family M28","IPR007484","Peptidase M28",NA,"Y"
"89","g19261",4.73976383063425,-2.19968321317737,6.79661837485554,2.26452122888653e-07,4.59672365405215e-05,"B+","scaffold_18","A",2074,"scaffold_18",NA,"D6WEX8","PF09820","Predicted AAA-ATPase","IPR018631","AAA-ATPase-like domain",NA,"Y"
"91","g11595",4.05041601311452,-3.17713267897455,6.77574005953225,2.36383089937223e-07,4.6928537393471e-05,"B+","scaffold_1801","A",2521,"scaffold_1801",NA,"J9M2D0","PF03221;PF05225;PF03184","Tc5 transposase DNA-binding domain; helix-turn-helix, Psq domain; DDE superfamily endonuclease","IPR006600;IPR007889;IPR004875","HTH CenpB-type DNA-binding domain; DNA binding HTH domain, Psq-type; DDE superfamily endonuclease domain","GO:0003677;GO:0003676","Y"
"92","g20623",10.7531552327376,0.0110280502005802,6.79402528960749,2.61225966210236e-07,5.1296829408197e-05,"B+","scaffold_215","A",1143,"scaffold_215","PPIA_RABIT","A0A482XF32","PF00160","Cyclophilin type peptidyl-prolyl cis-trans isomerase/CLD","IPR002130","Cyclophilin-type peptidyl-prolyl cis-trans isomerase domain","GO:0000413;GO:0003755","Y"
"97","g9684",-1.41067812435793,6.14161724189807,-6.51305559609758,4.43532812714376e-07,8.26068432422466e-05,"B-","scaffold_111","A",7535,"scaffold_111","ATR_MOUSE","J9JYZ5","PF08064;PF00454;PF02260;PF02259","UME (NUC010) domain; Phosphatidylinositol 3- and 4-kinase; FATC domain; FAT domain","IPR012993;IPR000403;IPR003152;IPR003151","UME domain; Phosphatidylinositol 3-/4-kinase, catalytic domain; FATC domain; PIK-related kinase, FAT","GO:0004674;GO:0005515","Y"
"99","g19539",-1.16982653504267,3.31643517362565,-6.50321540300281,4.54286565566278e-07,8.29004150860645e-05,"B-","scaffold_7","A",515,"scaffold_7",NA,NA,"PF08617","Kinase binding protein CGI-121","IPR013926","CGI121/TPRKB",NA,"Y"
"100","g5312",3.43984943576574,-3.63740546818274,6.49073727132936,4.6949640116382e-07,8.48192198342557e-05,"B+","scaffold_1578","B2",879,"scaffold_1578",NA,NA,"PF13843","Transposase IS4","IPR029526","PiggyBac transposable element-derived protein",NA,"Y"
"102","g4593",4.61478918404458,-2.65472967104134,6.44986348086932,5.24326063679755e-07,9.28673986905731e-05,"B+","scaffold_888","A",655,"scaffold_888",NA,NA,"PF00194","Eukaryotic-type carbonic anhydrase","IPR001148","Alpha carbonic anhydrase domain",NA,"Y"
"103","g6525",8.65851865330204,0.473490876252793,6.46912765699379,5.47596184682275e-07,9.60473074997086e-05,"B+","scaffold_52","A",2295,"scaffold_52",NA,"A0A1X7TGY6","PF05699;PF02892","hAT family C-terminal dimerisation region; BED zinc finger","IPR008906;IPR003656","HAT, C-terminal dimerisation domain; Zinc finger, BED-type","GO:0046983;GO:0003677","Y"
"105","g11727",7.38364508178354,-1.67109720319487,6.42736627035631,5.86998624334391e-07,0.000100997306164049,"B+","scaffold_168","A",1733,"scaffold_168",NA,"X1WKK7","PF13843","Transposase IS4","IPR029526","PiggyBac transposable element-derived protein",NA,"Y"
"106","g6067",5.53053908004382,-1.80981632938609,6.38323370052246,6.26849447723077e-07,0.00010627948144466,"B+","scaffold_5","A",3210,"scaffold_5",NA,NA,"PF00651","BTB/POZ domain","IPR000210","BTB/POZ domain","GO:0005515","Y"
"110","g22863",8.62778131399113,-2.38991180182545,6.36391825886048,7.09300904606761e-07,0.000116493001296598,"B+","scaffold_37","A",1097,"scaffold_37","SPOPB_XENLA","A0A1I8Q4G3","PF00651","BTB/POZ domain","IPR000210","BTB/POZ domain","GO:0005515","Y"
"114","g12441",-2.01703150684868,3.38638707079455,-6.17488643205015,1.01666785106591e-06,0.000161115099976813,"B-","scaffold_50","A",1880,"scaffold_50","UBB_PONPY","H2M983","PF00240","Ubiquitin family","IPR000626","Ubiquitin domain","GO:0005515","Y"
"115","g10961",6.08399418973065,-2.4094238712389,6.1714245194835,1.07082307655585e-06,0.000168221649574417,"B+","scaffold_1","A",2194,"scaffold_1",NA,"X1XR80","PF10551;PF15299","MULE transposase domain; Amyotrophic lateral sclerosis 2 chromosomal region candidate gene 8","IPR018289;IPR029309","MULE transposase domain; Calcium-responsive transcription factor",NA,"Y"
"116","g6388",-4.67205186690225,-4.23629036613105,-6.14288039125578,1.11807966176285e-06,0.00017413126870179,"B-","scaffold_1364","A",2915,"scaffold_1364","POLX_TOBAC","A0A0J7K6U3","PF07727;PF14223;PF13976","Reverse transcriptase (RNA-dependent DNA polymerase); gag-polypeptide of LTR copia-type; GAG-pre-integrase domain","IPR013103;IPR025724","Reverse transcriptase, RNA-dependent DNA polymerase; GAG-pre-integrase domain",NA,"Y"
"117","g1438",-4.48606830721832,-0.909511850787998,-6.12946245595408,1.15280811332444e-06,0.000178005396370251,"B-","scaffold_20","A",2439,"scaffold_20","THAP9_HUMAN","J9JTA4","PF12017","Transposase protein","IPR021896","Transposase protein","GO:0004803;GO:0006313","Y"
"118","g864",3.70520228780556,-3.29321155185289,6.05612486481539,1.3713445948572e-06,0.00020995518178551,"B+","scaffold_158","A",441,"scaffold_158",NA,NA,"PF15868","Transcription activator MBF2","IPR031734","Transcription activator MBF2",NA,"Y"
"120","g2805",7.14549412480627,-1.6338614223513,6.04058342934173,1.52462505103846e-06,0.00022953230143384,"B+","scaffold_817","A",270,"scaffold_817",NA,NA,"PF01192","RNA polymerase Rpb6","IPR006110","RNA polymerase, subunit omega/K/RPB6","GO:0003677;GO:0003899;GO:0006351","Y"
"123","g6210",4.29317848574265,-3.09859928107935,5.91711187756443,1.9519657994809e-06,0.000286700927914,"B+","scaffold_440","A",771,"scaffold_440",NA,NA,"PF02892","BED zinc finger","IPR003656","Zinc finger, BED-type","GO:0003677","Y"
"125","g3604",-1.21923878850105,3.46046190451603,-5.8999164989774,2.01344937613755e-06,0.000290999811434408,"B-","scaffold_1325","A",4941,"scaffold_1325","LRP2_RAT","J9K9B1","PF00057;PF00058;PF12662;PF14670","Low-density lipoprotein receptor domain class A; Low-density lipoprotein receptor repeat class B; Complement Clr-like EGF-like; Coagulation Factor Xa inhibitory site","IPR002172;IPR000033;IPR026823","Low-density lipoprotein (LDL) receptor class A repeat; LDLR class B repeat; Complement Clr-like EGF domain","GO:0005515","Y"
"127","g23417",6.14842884871922,-2.34020125996964,5.86108049019691,2.33197459351042e-06,0.000331727976428025,"B+","scaffold_364","A",839,"scaffold_364",NA,NA,"PF01336","OB-fold nucleic acid binding domain","IPR004365","OB-fold nucleic acid binding domain, AA-tRNA synthetase-type","GO:0003676","Y"
"128","g3239",9.65826643994809,0.379167798306568,5.89330802436958,2.36795791516192e-06,0.000334215060119651,"B+","scaffold_12","A",1489,"scaffold_12","FACR1_DROME","J9K7D4","PF03015;PF07993","Male sterility protein; Male sterility protein","IPR033640;IPR013120","Fatty acyl-CoA reductase, C-terminal; Male sterility, NAD-binding",NA,"Y"
"131","g3496",1.96458393185647,6.68626649837172,5.73061138601857,3.07775754727799e-06,0.000424448609535299,"B+","scaffold_10","A",1679,"scaffold_10","PPBT_CHICK","A0A2J7PHL4","PF00245","Alkaline phosphatase","IPR001952","Alkaline phosphatase","GO:0016791","Y"
"132","g6056",4.30675741319102,-2.1037482145302,5.70302254355821,3.34362351909915e-06,0.000457620473454888,"B+","scaffold_5","A",1543,"scaffold_5","POL5_DROME","J9LCT9,J9L709","PF00078;PF00665;PF17921;PF17919","Reverse transcriptase (RNA-dependent DNA polymerase); Integrase core domain; Integrase zinc binding domain; RNase H-like domain found in reverse transcriptase","IPR000477;IPR001584;IPR041588;IPR041577","Reverse transcriptase domain; Integrase, catalytic core; Integrase zinc-binding domain; Reverse transcriptase/retrotransposon-derived protein, RNase H-like domain","GO:0015074","Y"
"133","g20946",7.80078972358784,-2.58490576510519,5.72851559975403,3.4130357981072e-06,0.00046360830623011,"B+","scaffold_91","A",1541,"scaffold_91",NA,"A0A2P8Z519","PF10551;PF04500","MULE transposase domain; FLYWCH zinc finger domain","IPR018289;IPR007588","MULE transposase domain; Zinc finger, FLYWCH-type",NA,"Y"
"134","g23415",4.84025904825416,-2.85084464291267,5.69201845544943,3.46914394308585e-06,0.000467713093102903,"B+","scaffold_364","A",2561,"scaffold_364",NA,"A0A1D2MNM8","PF00443","Ubiquitin carboxyl-terminal hydrolase","IPR001394","Peptidase C19, ubiquitin carboxyl-terminal hydrolase","GO:0016579;GO:0036459","Y"
"136","g12210",4.72635467917288,-1.45492324598203,5.55687716585779,4.87471301385856e-06,0.00064754827432624,"B+","scaffold_449","A",1160,"scaffold_449",NA,"Q8A7P0","PF09820","Predicted AAA-ATPase","IPR018631","AAA-ATPase-like domain",NA,"Y"
"137","g5653",5.77597903938511,-2.08512573748227,5.5526309047244,5.04642168020556e-06,0.000661441295063622,"B+","scaffold_1013","A",2682,"scaffold_1013","POLX_TOBAC","A0A182GA29","PF07727;PF00665","Reverse transcriptase (RNA-dependent DNA polymerase); Integrase core domain","IPR013103;IPR001584","Reverse transcriptase, RNA-dependent DNA polymerase; Integrase, catalytic core","GO:0015074","Y"
"138","g17311",-6.8423434715239,1.16521024967841,-5.56114529339936,5.08472987684145e-06,0.000661441295063622,"B-","scaffold_811","A",2024,"scaffold_811",NA,"J9KHS0","PF12017","Transposase protein","IPR021896","Transposase protein","GO:0004803;GO:0006313","Y"
"143","g1324",-4.56351204140149,3.54234209966909,-5.47552396395925,5.97597916794947e-06,0.000754979298238987,"B-","scaffold_69","A",1942,"scaffold_69",NA,"D6WEX8","PF09820","Predicted AAA-ATPase","IPR018631","AAA-ATPase-like domain",NA,"Y"
"146","g17908",8.67704247829862,-2.8976406321393,5.50046832323184,6.26906839277402e-06,0.000775732805368872,"B+","scaffold_983","A",1353,"scaffold_983","CP4G1_DROME","J9JU30","PF00067","Cytochrome P450","IPR001128","Cytochrome P450","GO:0005506;GO:0016705;GO:0020037;GO:0055114","Y"
"149","g9713",-3.07640005424941,-4.82920012678924,-5.39871519387678,7.13676488429601e-06,0.000865320767783166,"B-","scaffold_192","A",447,"scaffold_192",NA,NA,"PF13873","Myb/SANT-like DNA-binding domain","IPR028002","Myb/SANT-like DNA-binding domain",NA,"Y"
"150","g18519",3.95239248149715,-0.358640308363146,5.39778754084986,7.21219370372079e-06,0.000868636609676132,"B+","scaffold_273","A",2250,"scaffold_273",NA,"A0A2B4RXD0","PF13650","Aspartyl protease",NA,NA,NA,"Y"
"151","g1484",-3.57554349244913,-0.871374955851592,-5.38675599225197,7.38491006348538e-06,0.000883548246403489,"B-","scaffold_20","A",1955,"scaffold_20","GGH_HUMAN","A0A0L0CCZ4","PF07722","Peptidase C26","IPR011697","Peptidase C26","GO:0016787","Y"
"153","g10773",4.39610748869127,-0.229118360871527,5.35116039392166,8.17936777042812e-06,0.000965806915951336,"B+","scaffold_270","A",1035,"scaffold_270",NA,NA,"PF00135","Carboxylesterase family","IPR002018","Carboxylesterase, type B",NA,"Y"
"161","g16062",4.31117298923544,-1.89950051779843,5.23657927526861,1.09457209352318e-05,0.00122823226345278,"B+","scaffold_315","A",3547,"scaffold_315","COPIA_DROME","J9KJ72","PF14223;PF07727;PF13976","gag-polypeptide of LTR copia-type; Reverse transcriptase (RNA-dependent DNA polymerase); GAG-pre-integrase domain","IPR013103;IPR025724","Reverse transcriptase, RNA-dependent DNA polymerase; GAG-pre-integrase domain",NA,"Y"
"162","g6630",2.52385417260673,-0.489988652536267,5.21921620983137,1.12492139705413e-05,0.00125449567649259,"B+","scaffold_876","A",485,"scaffold_876",NA,NA,"PF02949","7tm Odorant receptor","IPR004117","Olfactory receptor, insect","GO:0004984;GO:0005549;GO:0007608;GO:0016020","Y"
"163","g6396",2.06019595632517,1.70863568081235,5.21437580506858,1.13831946944785e-05,0.00126164905122974,"B+","scaffold_63","A",2350,"scaffold_63",NA,"A0A261D9Z1","PF09820","Predicted AAA-ATPase","IPR018631","AAA-ATPase-like domain",NA,"Y"
"167","g17219",-3.76304752463118,-0.758447005420299,-5.16954134032126,1.28831076661098e-05,0.00139368995865832,"B-","scaffold_57","A",396,"scaffold_57",NA,"K7J0S2",NA,NA,NA,NA,NA,"Y"
"170","g20017",1.64722600651694,4.50961813379435,5.11779216240969,1.45654444823962e-05,0.00154787835305276,"B+","scaffold_894","A",855,"scaffold_894","TCPA_MACFA","E2AJN5","PF00118","TCP-1/cpn60 chaperonin family","IPR002423","Chaperonin Cpn60/TCP-1 family","GO:0005524","Y"
"171","g19524",-1.51000400472208,4.52238802048226,-5.10520922069151,1.50414218330918e-05,0.00158911302243647,"B-","scaffold_7","A",1328,"scaffold_7","C6A14_DROME","A0A2J7R4P3","PF00067","Cytochrome P450","IPR001128","Cytochrome P450","GO:0005506;GO:0016705;GO:0020037;GO:0055114","Y"
"173","g14433",3.07746914340937,-1.87412322281717,5.06888996396874,1.65560054536339e-05,0.00172890632673613,"B+","scaffold_344","A",1424,"scaffold_344",NA,"A0A2P8XL08","PF04500;PF10551","FLYWCH zinc finger domain; MULE transposase domain","IPR007588;IPR018289","Zinc finger, FLYWCH-type; MULE transposase domain",NA,"Y"
"175","g23414",5.09326341844337,-2.75931827078331,5.05298645787553,1.78482576256743e-05,0.00184255212723104,"B+","scaffold_364","A",6016,"scaffold_364",NA,"A0A226F1P1","PF05970;PF14214","PIF1-like helicase; Helitron helicase-like domain at N-terminus","IPR010285;IPR025476","DNA helicase Pif1-like; Helitron helicase-like domain","GO:0000723;GO:0003678;GO:0006281","Y"
"176","g4426",5.15519266223931,-2.67139435230892,5.04020504518371,1.84762694528917e-05,0.00189654706781785,"B+","scaffold_94","A",1000,"scaffold_94",NA,"A0A2P8XIJ0","PF13843","Transposase IS4","IPR029526","PiggyBac transposable element-derived protein",NA,"Y"
"177","g2808",4.97722729139394,-0.235158974898623,5.02455319172438,1.91483293032586e-05,0.00195442778074955,"B+","scaffold_817","A",1224,"scaffold_817","MYRO1_BREBR","T1HZR0","PF00232","Glycosyl hydrolase family 1","IPR001360","Glycoside hydrolase family 1","GO:0004553;GO:0005975","Y"
"183","g12328",-4.06824755190648,-4.50514900729178,-4.96738631408881,2.1744906888997e-05,0.00214668572599246,"B-","scaffold_393","A",662,"scaffold_393","GLCM_MOUSE","A0A210PEG6","PF17189;PF02055","Glycosyl hydrolase family 30 beta sandwich domain; Glycosyl hydrolase family 30 TIM-barrel domain","IPR033452;IPR033453","Glycosyl hydrolase family 30, beta sandwich domain; Glycosyl hydrolase family 30, TIM-barrel domain",NA,"Y"
"186","g5671",6.94125505931655,-3.19544957301426,4.97207622545155,2.32694315525882e-05,0.00226013736789817,"B+","scaffold_555","A",2120,"scaffold_555",NA,"A0A2P8ZLW3","PF13843","Transposase IS4","IPR029526","PiggyBac transposable element-derived protein",NA,"Y"
"187","g6828",2.41197820567345,-1.7137405572687,4.92025892047294,2.41618867973845e-05,0.00233132383999059,"B+","scaffold_81","A",1985,"scaffold_81",NA,"A0A1U8N8I4","PF14291;PF05699","Domain of unknown function (DUF4371); hAT family C-terminal dimerisation region","IPR025398;IPR008906","Domain of unknown function DUF4371; HAT, C-terminal dimerisation domain","GO:0046983","Y"
"188","g11371",6.66148339552341,-1.94088933045218,4.95251822061178,2.42604274282204e-05,0.00233132383999059,"B+","scaffold_151","A",1302,"scaffold_151",NA,"X1WMA8","PF00589","Phage integrase family","IPR002104","Integrase, catalytic domain","GO:0003677;GO:0006310;GO:0015074","Y"
"189","g2938",-2.78235373098108,-0.710709356319818,-4.90970807667197,2.48543814770121e-05,0.00236743080361852,"B-","scaffold_141","A",606,"scaffold_141",NA,NA,"PF03221;PF05225","Tc5 transposase DNA-binding domain; helix-turn-helix, Psq domain","IPR006600;IPR007889","HTH CenpB-type DNA-binding domain; DNA binding HTH domain, Psq-type","GO:0003677","Y"
"191","g10770",4.59196769289014,-1.37043391079312,4.90271645548734,2.59707017179217e-05,0.00245647485463861,"B+","scaffold_270","A",947,"scaffold_270",NA,"A0A1I8NJP5,A0A1U8N4S9",NA,NA,NA,NA,NA,"Y"
"193","g23452",2.57480102382086,-2.82294203542935,4.87453328647968,2.71794669055113e-05,0.00254416709385994,"B+","scaffold_48","A",607,"scaffold_48",NA,"A0A194R3B5",NA,NA,NA,NA,NA,"Y"
"196","g10350",-4.53601622455152,-1.33095067425824,-4.85926602892301,2.90140655908889e-05,0.0026674033429718,"B-","scaffold_159","A",5634,"scaffold_159",NA,"A0A3Q0JHJ8","PF10551;PF13472","MULE transposase domain; GDSL-like Lipase/Acylhydrolase family","IPR018289;IPR013830","MULE transposase domain; SGNH hydrolase-type esterase domain",NA,"Y"
"197","g6968",-2.7758606357722,-3.25116456038759,-4.84841990684309,2.90865968429893e-05,0.0026674033429718,"B-","scaffold_26","A",1061,"scaffold_26","RDX_DROME","A0A139WMR0","PF00651","BTB/POZ domain","IPR000210","BTB/POZ domain","GO:0005515","Y"
"199","g22184",2.33387425440306,-1.06158950555177,4.81658772574305,3.15183523867655e-05,0.00286135956894123,"B+","scaffold_11","A",1573,"scaffold_11",NA,"D2CG63","PF09820","Predicted AAA-ATPase","IPR018631","AAA-ATPase-like domain",NA,"Y"
"201","g15418",3.10017938120428,0.905796723702468,4.7937087766867,3.35473299812663e-05,0.00301525404697292,"B+","scaffold_133","A",786,"scaffold_133",NA,NA,"PF00194","Eukaryotic-type carbonic anhydrase","IPR001148","Alpha carbonic anhydrase domain",NA,"Y"
"204","g12716",3.15428201493444,-1.63812778544809,4.72775964884664,3.97657742100215e-05,0.00351236620994044,"B+","scaffold_316","A",2313,"scaffold_316",NA,"A0A3M7R5S4","PF09820","Predicted AAA-ATPase","IPR018631","AAA-ATPase-like domain",NA,"Y"
"205","g14861",3.00106588807262,-4.87073226793771,4.72636101022694,3.98558105301555e-05,0.00351236620994044,"B+","scaffold_33","A",2292,"scaffold_33","CMTR2_MOUSE","A0A2P8ZED2","PF01728","FtsJ-like methyltransferase","IPR002877","Ribosomal RNA methyltransferase FtsJ domain","GO:0008168;GO:0032259","Y"
"208","g2482",-1.29233871083829,4.46568925545211,-4.71475828354415,4.09162854292331e-05,0.00355381544502176,"B-","scaffold_49","A",1563,"scaffold_49","PARG_BOVIN","A0A482X7C9","PF05028","Poly (ADP-ribose) glycohydrolase (PARG)","IPR007724","Poly(ADP-ribose) glycohydrolase","GO:0004649;GO:0005975","Y"
"209","g10233",-5.00226127357912,-2.49105343576187,-4.72310893959141,4.17726634630012e-05,0.00360106672009676,"B-","scaffold_72","A",1214,"scaffold_72","PPAL_RAT","A0A1S3CUB6","PF00328","Histidine phosphatase superfamily (branch 2)","IPR000560","Histidine phosphatase superfamily, clade-2",NA,"Y"
"210","g1752",3.61665489866042,-0.448182389736268,4.71007417670999,4.18589622063722e-05,0.00360106672009676,"B+","scaffold_1732","A",1061,"scaffold_1732",NA,NA,"PF14223;PF00098","gag-polypeptide of LTR copia-type; Zinc knuckle","IPR001878","Zinc finger, CCHC-type","GO:0003676;GO:0008270","Y"
"211","g22747",-2.01679774418539,0.0480977269681557,-4.68870098414863,4.37524904220556e-05,0.00374612555433581,"B-","scaffold_196","A",1584,"scaffold_196",NA,"A0A498M092","PF00665","Integrase core domain","IPR001584","Integrase, catalytic core","GO:0015074","Y"
"212","g18670",3.8503263719733,-0.812601629294713,4.68619866315897,4.46929205501752e-05,0.00380859576726163,"B+","scaffold_45","A",4419,"scaffold_45","COPIA_DROME","J9KJ72","PF14223;PF07727;PF13976;PF00665","gag-polypeptide of LTR copia-type; Reverse transcriptase (RNA-dependent DNA polymerase); GAG-pre-integrase domain; Integrase core domain","IPR013103;IPR025724;IPR001584","Reverse transcriptase, RNA-dependent DNA polymerase; GAG-pre-integrase domain; Integrase, catalytic core","GO:0015074","Y"
"213","g21420",1.87991443868201,3.93843497548348,4.67695508632082,4.50895439745043e-05,0.00382435540583753,"B+","scaffold_110","A",1570,"scaffold_110","CATA_DROME","A0A2J7REJ5","PF00199;PF06628","Catalase; Catalase-related immune-responsive","IPR011614;IPR010582","Catalase core domain; Catalase immune-responsive domain","GO:0004096;GO:0020037;GO:0055114","Y"
"214","g23373",3.95959640629677,1.86260497979433,4.67747933935867,4.5805606327111e-05,0.00386693497152144,"B+","scaffold_470","A",2003,"scaffold_470",NA,NA,"PF00083","Sugar (and other) transporter","IPR005828","Major facilitator,  sugar transporter-like","GO:0016021;GO:0022857;GO:0055085","Y"
"215","g20162",2.89072566670492,3.81556999322689,4.65920200492444,4.73287726659151e-05,0.00395766011678626,"B+","scaffold_333","A",2314,"scaffold_333","NB5R2_MOUSE","A0A194Q8Y9","PF00175;PF09820;PF00970","Oxidoreductase NAD-binding domain; Predicted AAA-ATPase; Oxidoreductase FAD-binding domain","IPR001433;IPR018631;IPR008333","Oxidoreductase FAD/NAD(P)-binding; AAA-ATPase-like domain; Flavoprotein pyridine nucleotide cytochrome reductase-like, FAD-binding domain","GO:0016491;GO:0055114","Y"
"216","g23380",1.77868819718336,0.33068272950295,4.65722866984336,4.74315276298982e-05,0.00395766011678626,"B+","scaffold_1806","A",3509,"scaffold_1806","DYH3_HUMAN","A0A482WUC2","PF12775;PF17852;PF12774;PF12780;PF17857","P-loop containing dynein motor region; Dynein heavy chain AAA lid domain; Hydrolytic ATP binding site of dynein motor region; P-loop containing dynein motor region D4; AAA+ lid domain","IPR041466;IPR035699;IPR024317;IPR041589","Dynein heavy chain, AAA 5 extension domain; Dynein heavy chain, hydrolytic ATP-binding dynein motor region; Dynein heavy chain, AAA module D4; Dynein heavy chain 3, AAA+ lid domain","GO:0005524","Y"
"217","g15433",1.56033881785322,2.03666098689276,4.65635200513846,4.75374872878678e-05,0.00395766011678626,"B+","scaffold_29","A",2078,"scaffold_29",NA,"E2A2S9","PF00089;PF00057","Trypsin; Low-density lipoprotein receptor domain class A","IPR001254;IPR002172","Serine proteases, trypsin domain; Low-density lipoprotein (LDL) receptor class A repeat","GO:0004252;GO:0006508;GO:0005515","Y"
"221","g9386",5.54884702962801,0.00874430565092124,4.60779324608224,5.73164972513488e-05,0.00468542913729804,"B+","scaffold_153","A",3729,"scaffold_153",NA,"J9K020",NA,NA,NA,NA,NA,"Y"
"223","g7175",2.9683423835792,-3.78462617880921,4.57490773281151,5.88210133271543e-05,0.00476529339358013,"B+","scaffold_17","A",4073,"scaffold_17",NA,"A0A226EUF5","PF05380;PF05585;PF03564","Pao retrotransposon peptidase; Putative peptidase (DUF1758); Protein of unknown function (DUF1759)","IPR008042;IPR008737;IPR005312","Retrotransposon, Pao; Peptidase aspartic, putative; Protein of unknown function DUF1759",NA,"Y"
"224","g12717",-3.12711102854899,-2.25124829382886,-4.56491421762802,6.0444117296296e-05,0.00487492599587002,"B-","scaffold_316","A",2432,"scaffold_316",NA,"X1X8G4","PF10551","MULE transposase domain","IPR018289","MULE transposase domain",NA,"Y"
"225","g20161",2.68099376639057,1.13820455856282,4.54687165200231,6.30927699397603e-05,0.00506592880769649,"B+","scaffold_333","A",658,"scaffold_333",NA,NA,"PF00254","FKBP-type peptidyl-prolyl cis-trans isomerase","IPR001179","FKBP-type peptidyl-prolyl cis-trans isomerase domain","GO:0003755","Y"
"226","g10786",5.32547426683383,0.938578195972461,4.54798655784514,6.6471594544958e-05,0.00531360985420005,"B+","scaffold_270","A",1022,"scaffold_270",NA,NA,"PF00135","Carboxylesterase family","IPR002018","Carboxylesterase, type B",NA,"Y"
"227","g11000",-3.1995048683468,-2.12673938756011,-4.52613032704282,6.68433111003689e-05,0.0053197852790276,"B-","scaffold_1","A",1901,"scaffold_1","YRD6_CAEEL","A0A267EBM2","PF00665;PF08284","Integrase core domain; Retroviral aspartyl protease","IPR001584","Integrase, catalytic core","GO:0015074","Y"
"228","g1592",2.43559274417724,-3.02399627179101,4.51237745003924,6.88686260938118e-05,0.00545693245180177,"B+","scaffold_824","A",1212,"scaffold_824",NA,NA,"PF05585","Putative peptidase (DUF1758)","IPR008737","Peptidase aspartic, putative",NA,"Y"
"230","g17869",2.41468401366361,2.20529339775149,4.49128714394223,7.26981470737033e-05,0.00571028141318923,"B+","scaffold_146","A",949,"scaffold_146","C4G15_DROME","J9K6X1","PF00067","Cytochrome P450","IPR001128","Cytochrome P450","GO:0005506;GO:0016705;GO:0020037;GO:0055114","Y"
"231","g20855",-1.83551931915502,3.01860254267607,-4.46924888528968,7.68674574945366e-05,0.00601163414327402,"B-","scaffold_1313","A",695,"scaffold_1313",NA,NA,"PF00328","Histidine phosphatase superfamily (branch 2)","IPR000560","Histidine phosphatase superfamily, clade-2",NA,"Y"
"234","g3534",-1.20343482926933,5.42203819414014,-4.43445644043781,8.40454011646862e-05,0.00648873597197103,"B-","scaffold_10","A",915,"scaffold_10","CBR3_MOUSE,CBR1_HUMAN","R4FNV0,A0A444THM7,A0A2J7Q296","PF00106;PF13561","short chain dehydrogenase; Enoyl-(Acyl carrier protein) reductase","IPR002347","Short-chain dehydrogenase/reductase SDR",NA,"Y"
"239","g20141",7.1025619039964,-0.0678064334893338,4.45856061320746,8.93570356944069e-05,0.00675449458935211,"B+","scaffold_333","A",1511,"scaffold_333",NA,"J9L6S7","PF09588","YqaJ-like viral recombinase domain","IPR019080","YqaJ viral recombinase",NA,"Y"
"240","g21055",4.0504792462739,-2.06661202867163,4.40727948063701,9.22314705144888e-05,0.00694272394297815,"B+","scaffold_1221","A",748,"scaffold_1221",NA,NA,"PF14223","gag-polypeptide of LTR copia-type",NA,NA,NA,"Y"
"241","g19949",2.20830837672799,1.55851743179499,4.39547500908554,9.29292320788018e-05,0.00696622201964993,"B+","scaffold_236","A",1568,"scaffold_236",NA,"A0A2P8XIJ0","PF13843","Transposase IS4","IPR029526","PiggyBac transposable element-derived protein",NA,"Y"
"242","g349",3.31597979651276,-2.51665129731528,4.39668514514305,9.34236856507529e-05,0.00697434836763017,"B+","scaffold_42","A",3909,"scaffold_42",NA,"A0A0J7N890","PF03564;PF05585;PF05380","Protein of unknown function (DUF1759); Putative peptidase (DUF1758); Pao retrotransposon peptidase","IPR005312;IPR008737;IPR008042","Protein of unknown function DUF1759; Peptidase aspartic, putative; Retrotransposon, Pao",NA,"Y"
"244","g872",3.80202459055983,-1.31601945399511,4.38701732248008,9.66327022960708e-05,0.00715478032656072,"B+","scaffold_158","A",2129,"scaffold_158","RT07_DROME","A0A067QQP8","PF00177;PF10551;PF00096","Ribosomal protein S7p/S5e; MULE transposase domain; Zinc finger, C2H2 type","IPR023798;IPR018289;IPR013087","Ribosomal protein S7 domain; MULE transposase domain; Zinc finger C2H2-type","GO:0003676","Y"
"245","g22024",3.78237784184118,-0.563293683585561,4.37807653613791,9.88462298792643e-05,0.00725473840966394,"B+","scaffold_124","A",1430,"scaffold_124","COPIA_DROME","A0A182H8F8","PF07727","Reverse transcriptase (RNA-dependent DNA polymerase)","IPR013103","Reverse transcriptase, RNA-dependent DNA polymerase",NA,"Y"
"246","g18023",-3.41009490489082,-2.59263120949918,-4.37497651317877,9.89393866671922e-05,0.00725473840966394,"B-","scaffold_1231","A",335,"scaffold_1231",NA,"U4UG15",NA,NA,NA,NA,NA,"Y"
"247","g4217",2.97216538076348,-4.76192888010667,4.37174768885269,9.91874453219857e-05,0.00725473840966394,"B+","scaffold_28","A",2205,"scaffold_28",NA,"X1WKG5","PF04937;PF05699","Protein of unknown function (DUF 659); hAT family C-terminal dimerisation region","IPR007021;IPR008906","Domain of unknown function DUF659; HAT, C-terminal dimerisation domain","GO:0046983","Y"
"252","g6726",-1.84180225367116,7.40221623279774,-4.31734896485616,0.000113508715529054,0.00810779769979992,"B-","scaffold_179","A",7027,"scaffold_179","ZNFX1_MOUSE","J9KAH4","PF13086;PF13087","AAA domain; AAA domain","IPR041677;IPR041679","DNA2/NAM7 helicase, AAA domain; DNA2/NAM7 helicase-like, AAA domain",NA,"Y"
"254","g2571",5.58336401222956,-4.00327233823477,4.34142501728083,0.000114805759012728,0.00816567260757457,"B+","scaffold_90","A",1849,"scaffold_90",NA,"E2A388","PF03184","DDE superfamily endonuclease","IPR004875","DDE superfamily endonuclease domain","GO:0003676","Y"
"257","g5036",3.83872757373581,1.10236384064551,4.30418171185071,0.000119759215024339,0.00840618053490648,"B+","scaffold_155","A",1207,"scaffold_155",NA,"A0A1I8Q2R1","PF02958","Ecdysteroid kinase","IPR004119","Ecdysteroid kinase-like",NA,"Y"
"258","g13773",3.39467007522229,-4.87287401527206,4.29950399319018,0.000120128390558856,0.00840618053490648,"B+","scaffold_1833","A",1288,"scaffold_1833",NA,"K7JKD4","PF06109","Haemolysin E (HlyE)","IPR027018","Hemolysin E","GO:0009405;GO:0044179","Y"
"259","g21718",1.93463134123811,4.25115924060759,4.29401281209571,0.000120513714078422,0.00840618053490648,"B+","scaffold_9","A",820,"scaffold_9",NA,NA,"PF18694","Transactive response DNA-binding protein N-terminal domain","IPR041105","TAR DNA-binding protein 43, N-terminal",NA,"Y"
"261","g15590",-1.45841039301606,3.59780107554038,-4.26963582689061,0.000128267692307376,0.00887848325373582,"B-","scaffold_166","A",662,"scaffold_166","TRIPC_XENTR","A0A1S3DJK1",NA,NA,NA,NA,NA,"Y"
"262","g23478",2.36443169121506,3.41326958747714,4.26828277434751,0.000128837112423931,0.00888385982080438,"B+","scaffold_48","A",1485,"scaffold_48",NA,"A0A0V0XSF6","PF18701;PF05380","Family of unknown function (DUF5641); Pao retrotransposon peptidase","IPR040676;IPR008042","Domain of unknown function DUF5641; Retrotransposon, Pao",NA,"Y"
"263","g1909",-5.63899334597301,-2.79158518234791,-4.29398414277891,0.000130172410346269,0.00894180519131445,"B-","scaffold_245","A",981,"scaffold_245","FA10_MOUSE","A0A067QKT3","PF00089","Trypsin","IPR001254","Serine proteases, trypsin domain","GO:0004252;GO:0006508","Y"
"266","g2367",2.61217806191072,-0.5176148249481,4.2425767873479,0.000137781996897707,0.00935778028554125,"B+","scaffold_698","A",699,"scaffold_698",NA,NA,"PF00151","Lipase","IPR013818","Lipase/vitellogenin",NA,"Y"
"267","g5936",2.87832684136675,1.18571097115776,4.2373319237749,0.000139953709658078,0.00946967684899939,"B+","scaffold_139","A",968,"scaffold_139","GRHPR_HUMAN","C4WTS7","PF00389;PF02826","D-isomer specific 2-hydroxyacid dehydrogenase, catalytic domain; D-isomer specific 2-hydroxyacid dehydrogenase, NAD binding domain","IPR006139;IPR006140","D-isomer specific 2-hydroxyacid dehydrogenase, catalytic domain; D-isomer specific 2-hydroxyacid dehydrogenase, NAD-binding domain","GO:0016616;GO:0051287;GO:0055114","Y"
"269","g3441",2.55646392588596,-0.0938597818008652,4.20045433953501,0.000153436871402538,0.0103047974675028,"B+","scaffold_10","A",1397,"scaffold_10","FACR1_DROME","J9K7D4","PF07993;PF03015","Male sterility protein; Male sterility protein","IPR013120;IPR033640","Male sterility, NAD-binding; Fatty acyl-CoA reductase, C-terminal",NA,"Y"
"271","g22787",1.50350537098551,4.66272167689368,4.18717952815568,0.000158422787874028,0.010555650765694,"B+","scaffold_664","A",604,"scaffold_664","AR6P1_HUMAN","A0A2P8ZFT8",NA,NA,NA,NA,NA,"Y"
"273","g11943",3.24734115914742,-3.86168952679221,4.18827695696241,0.000159509169657614,0.010555650765694,"B+","scaffold_1237","A",694,"scaffold_1237",NA,"K7JKD1",NA,NA,NA,NA,NA,"Y"
"274","g16189",3.6283778839914,0.995300583965612,4.18171899550133,0.000163418075430845,0.0107376829528526,"B+","scaffold_54","A",972,"scaffold_54","LST_PHOPY","A0A232F7D1","PF00685","Sulfotransferase domain","IPR000863","Sulfotransferase domain","GO:0008146","Y"
"277","g7421",-3.92516905486707,-1.07243615744903,-4.17287363759602,0.000168395525474391,0.0109827926470049,"B-","scaffold_526","B2",1408,"scaffold_526","RCBT1_MOUSE","A0A232EN37","PF00651;PF00415","BTB/POZ domain; Regulator of chromosome condensation (RCC1) repeat","IPR000210;IPR000408","BTB/POZ domain; Regulator of chromosome condensation, RCC1","GO:0005515","Y"
"278","g18648",1.34162823553493,3.72254247145134,4.1573582370161,0.000170980563287264,0.0111112764616824,"B+","scaffold_362","A",2596,"scaffold_362","VGLU3_DANRE","A0A2J7QA17","PF07690","Major Facilitator Superfamily","IPR011701","Major facilitator superfamily","GO:0016021;GO:0055085","Y"
"281","g4226",3.0684672448968,-4.33162760448051,4.13451786808236,0.000182607701145738,0.0117401805298894,"B+","scaffold_28","A",3206,"scaffold_28","POLX_TOBAC","A0A0J7K6U3","PF14223;PF07727;PF00665","gag-polypeptide of LTR copia-type; Reverse transcriptase (RNA-dependent DNA polymerase); Integrase core domain","IPR013103;IPR001584","Reverse transcriptase, RNA-dependent DNA polymerase; Integrase, catalytic core","GO:0015074","Y"
"282","g20012",-1.97346010626759,2.68519500540663,-4.12218604499778,0.000187103957324917,0.0119865960745814,"B-","scaffold_894","A",929,"scaffold_894","PWP2_PONAB","J9K4S6","PF00400","WD domain, G-beta repeat","IPR001680","WD40 repeat","GO:0005515","Y"
"283","g18118",-2.58925850018933,-3.49653717796566,-4.11251017858759,0.000192221680195159,0.0122709430191016,"B-","scaffold_859","A",908,"scaffold_859",NA,"A0A2P8YF88","PF13359","DDE superfamily endonuclease","IPR027806","Harbinger transposase-derived nuclease domain",NA,"Y"
"284","g17216",-3.43113030126975,-0.791056067688157,-4.1114752705367,0.000194946254810183,0.0124010529556365,"B-","scaffold_57","A",1266,"scaffold_57","VGLU1_XENLA","K7J9C8","PF07690","Major Facilitator Superfamily","IPR011701","Major facilitator superfamily","GO:0016021;GO:0055085","Y"
"285","g15893",-2.54664820523294,-3.74103572872535,-4.10248603420546,0.000197156078431348,0.0124976200454061,"B-","scaffold_187","A",452,"scaffold_187",NA,NA,"PF05225","helix-turn-helix, Psq domain","IPR007889","DNA binding HTH domain, Psq-type","GO:0003677","Y"
"286","g3672",5.02784855878845,-1.12932167838403,4.11302225907505,0.000203744477693271,0.0128700969720512,"B+","scaffold_269","A",2508,"scaffold_269",NA,"A0A0J7N0T9",NA,NA,NA,NA,NA,"Y"
"289","g14574",7.76165070174853,-1.64427049525824,4.13939385347786,0.000211223938187687,0.0132040542121064,"B+","scaffold_665","A",1318,"scaffold_665",NA,NA,"PF14223","gag-polypeptide of LTR copia-type",NA,NA,NA,"Y"
"294","g21903",3.16851793562018,-2.31102721336096,4.06485413979941,0.000218643169089227,0.0134353996352584,"B+","scaffold_22","A",2297,"scaffold_22",NA,"A0A182HFW8",NA,NA,NA,NA,NA,"Y"
"297","g17875",1.37489471476648,3.92494484436902,4.05257497679521,0.000223453318369533,0.0135922816487003,"B+","scaffold_146","A",1246,"scaffold_146","CA131_DROME","J9K6X1","PF00067","Cytochrome P450","IPR001128","Cytochrome P450","GO:0005506;GO:0016705;GO:0020037;GO:0055114","Y"
"299","g15071",-0.995203287936471,4.29600931975908,-4.04398154535489,0.000228405304768601,0.0137970339227198,"B-","scaffold_68","A",1953,"scaffold_68","TECT1_MOUSE","A0A482XBR0","PF07773","Protein of unknown function (DUF1619)","IPR011677","Domain of unknown function DUF1619",NA,"Y"
"300","g4227",3.89676103082211,-1.69079306409962,4.05305964136364,0.000229110493568911,0.0137970339227198,"B+","scaffold_28","A",1483,"scaffold_28","YELL_DROSU","A0A1S3CYU3","PF03022","Major royal jelly protein","IPR017996","Major royal jelly protein/protein yellow",NA,"Y"
"301","g2786",3.53416660094684,-3.45715862278237,4.04738067034548,0.000230332748742178,0.0138245562750039,"B+","scaffold_51","A",2022,"scaffold_51",NA,"A0A151IKM6",NA,NA,NA,NA,NA,"Y"
"304","g22528",3.12115734714482,-4.8735543135658,4.00999050048019,0.000251416565240401,0.0149410910119509,"B+","scaffold_551","A",686,"scaffold_551",NA,NA,"PF18701;PF05585","Family of unknown function (DUF5641); Putative peptidase (DUF1758)","IPR040676;IPR008737","Domain of unknown function DUF5641; Peptidase aspartic, putative",NA,"Y"
"306","g19483",2.1600477442143,2.1023137678479,3.97856498551965,0.000270010835576787,0.0159412279592491,"B+","scaffold_7","A",2680,"scaffold_7",NA,NA,"PF00651;PF07707","BTB/POZ domain; BTB And C-terminal Kelch","IPR000210;IPR011705","BTB/POZ domain; BTB/Kelch-associated","GO:0005515","Y"
"308","g1576",2.09168973289674,2.56133281785171,3.95925693046639,0.000283565081713725,0.0166327492410395,"B+","scaffold_206","A",1333,"scaffold_206",NA,"J9LAU4",NA,NA,NA,NA,NA,"Y"
"310","g22838",3.62190517454581,5.05598565605863,3.95322293257155,0.000293894148888691,0.0171273925607197,"B+","scaffold_318","A",4927,"scaffold_318","NB5R3_BOVIN","A0A482WZB7","PF09820;PF00175;PF00970;PF00254","Predicted AAA-ATPase; Oxidoreductase NAD-binding domain; Oxidoreductase FAD-binding domain; FKBP-type peptidyl-prolyl cis-trans isomerase","IPR018631;IPR001433;IPR008333;IPR001179","AAA-ATPase-like domain; Oxidoreductase FAD/NAD(P)-binding; Flavoprotein pyridine nucleotide cytochrome reductase-like, FAD-binding domain; FKBP-type peptidyl-prolyl cis-trans isomerase domain","GO:0016491;GO:0055114;GO:0003755","Y"
"311","g14145",2.81380454327389,0.18141487398408,3.93907368053882,0.000299986106503359,0.0174262025726356,"B+","scaffold_3","A",1429,"scaffold_3","CRQ_DROME","T1HQI4","PF01130","CD36 family","IPR002159","CD36 family","GO:0016020","Y"
"313","g17785",-2.9550284315936,3.97184000538958,-3.92743961387581,0.00030961776948333,0.0178707815446832,"B-","scaffold_965","A",2400,"scaffold_965","LFC_TACTR","J9KTP3","PF00089","Trypsin","IPR001254","Serine proteases, trypsin domain","GO:0004252;GO:0006508","Y"
"314","g10289",3.16940474924915,-2.69272414725346,3.9240719835923,0.000313431441954288,0.0180179953451054,"B+","scaffold_689","A",3152,"scaffold_689",NA,"J9LF57","PF03184","DDE superfamily endonuclease","IPR004875","DDE superfamily endonuclease domain","GO:0003676","Y"
"315","g16686",2.5901508213444,3.00386226115029,3.92001585476042,0.000314162987584867,0.0180179953451054,"B+","scaffold_398","A",2577,"scaffold_398","RENT1_DROME","T1HV29","PF09416;PF04851;PF18141;PF13087;PF13086","RNA helicase (UPF2 interacting domain); Type III restriction enzyme, res subunit; Domain of unknown function (DUF5599); AAA domain; AAA domain","IPR018999;IPR006935;IPR040812;IPR041679;IPR041677","RNA helicase UPF1, UPF2-interacting domain; Helicase/UvrB, N-terminal; Domain of unknown function DUF5599; DNA2/NAM7 helicase-like, AAA domain; DNA2/NAM7 helicase, AAA domain","GO:0000184;GO:0003677;GO:0004386;GO:0005524;GO:0005737;GO:0008270;GO:0016787","Y"
"316","g11243",3.5117379891138,-3.22134181388476,3.92391493904233,0.000315922069566013,0.0180615446480367,"B+","scaffold_4","A",955,"scaffold_4","HARB1_MOUSE","J9JZE9","PF13359","DDE superfamily endonuclease","IPR027806","Harbinger transposase-derived nuclease domain",NA,"Y"
"318","g19646",-1.28981417196467,3.46883761374714,-3.9080847995439,0.000322801882260679,0.0183388012733378,"B-","scaffold_248","A",1110,"scaffold_248","SPOPB_XENLA","A0A1S3I9S6","PF00917;PF00651","MATH domain; BTB/POZ domain","IPR002083;IPR000210","MATH/TRAF domain; BTB/POZ domain","GO:0005515","Y"
"321","g8319",4.73116134256923,-1.91374357137683,3.92226439447866,0.000330166217331927,0.0185818781380641,"B+","scaffold_120","A",1476,"scaffold_120",NA,NA,"PF13873","Myb/SANT-like DNA-binding domain","IPR028002","Myb/SANT-like DNA-binding domain",NA,"Y"
"325","g6557",-5.39986214251523,0.439370850555819,-3.90626277328886,0.000353484998709909,0.0196336022433582,"B-","scaffold_52","A",1120,"scaffold_52",NA,NA,"PF00917;PF00651","MATH domain; BTB/POZ domain","IPR002083;IPR000210","MATH/TRAF domain; BTB/POZ domain","GO:0005515","Y"
"327","g22580",-4.76695387470629,-2.26623153640607,-3.89298748879585,0.000356592361715747,0.0197009101124058,"B-","scaffold_6","A",419,"scaffold_6",NA,NA,"PF00031","Cystatin domain","IPR000010","Cystatin domain","GO:0004869","Y"
"332","g18056",3.44458413744673,-4.13144999291341,3.8515060116431,0.000379533226570555,0.020652552021758,"B+","scaffold_217","A",3299,"scaffold_217",NA,"A0A3S2NZ68","PF09588","YqaJ-like viral recombinase domain","IPR019080","YqaJ viral recombinase",NA,"Y"
"333","g23046",-2.73490537759579,-3.98330503396347,-3.83874544668245,0.000386868358570749,0.020988479777595,"B-","scaffold_82","A",1382,"scaffold_82",NA,"A0A139WIB9","PF17921;PF00665","Integrase zinc binding domain; Integrase core domain","IPR041588;IPR001584","Integrase zinc-binding domain; Integrase, catalytic core","GO:0015074","Y"
"334","g23587",-1.21659279913738,0.879333998205444,-3.83281154700406,0.000390710229020905,0.0211334461002745,"B-","scaffold_161","A",2249,"scaffold_161",NA,"A0A482WNI4","PF14923","Coiled-coil protein 142","IPR026700","Coiled-coil domain-containing protein 142",NA,"Y"
"337","g13119",1.67609408358882,-0.854292802614894,3.80985986960444,0.000414105174046405,0.0221994779653482,"B+","scaffold_13","A",2315,"scaffold_13",NA,"D6WTN9",NA,NA,NA,NA,NA,"Y"
"338","g12934",-2.23732797951642,5.77789386389895,-3.80600161676456,0.000418640776504261,0.0223762256459349,"B-","scaffold_83","A",1842,"scaffold_83",NA,"A0A1D2MHQ9","PF13927;PF02210","Immunoglobulin domain; Laminin G domain","IPR001791","Laminin G domain",NA,"Y"
"340","g4187",-3.45750547474338,0.288204484966488,-3.7912753592003,0.000442722030669778,0.0235241653120006,"B-","scaffold_28","A",2707,"scaffold_28",NA,"A0A1I7W3G3","PF05585;PF18701;PF03564","Putative peptidase (DUF1758); Family of unknown function (DUF5641); Protein of unknown function (DUF1759)","IPR008737;IPR040676;IPR005312","Peptidase aspartic, putative; Domain of unknown function DUF5641; Protein of unknown function DUF1759",NA,"Y"
"343","g14546",1.37555385819178,4.57170739489819,3.77226199868953,0.000455385019770578,0.0239853812454089,"B+","scaffold_145","A",3326,"scaffold_145",NA,NA,"PF18694","Transactive response DNA-binding protein N-terminal domain","IPR041105","TAR DNA-binding protein 43, N-terminal",NA,"Y"
"345","g23072",4.53315939194724,-2.37820027347368,3.7803464239626,0.000472296954295214,0.0247319326849198,"B+","scaffold_82","A",710,"scaffold_82",NA,"A0A212FDA2","PF01833","IPT/TIG domain","IPR002909","IPT domain",NA,"Y"
"346","g18507",2.63038393566285,-0.42387938757874,3.75237389313612,0.000480981978043772,0.0251139318362393,"B+","scaffold_273","A",705,"scaffold_273",NA,NA,"PF00194","Eukaryotic-type carbonic anhydrase","IPR001148","Alpha carbonic anhydrase domain",NA,"Y"
"347","g4173",-1.4530500536292,6.03170400885063,-3.74386627956917,0.000489236264035057,0.0254251668359656,"B-","scaffold_28","A",4353,"scaffold_28","MRP1_CHICK","A0A139WC08","PF00005;PF00664","ABC transporter; ABC transporter transmembrane region","IPR003439;IPR011527","ABC transporter-like; ABC transporter type 1, transmembrane domain","GO:0005524;GO:0016887;GO:0016021;GO:0042626;GO:0055085","Y"
"350","g20142",7.11448358706077,0.246565870218898,3.78426557829655,0.000521290996976089,0.0269075518610572,"B+","scaffold_333","A",1440,"scaffold_333",NA,"J9JL93","PF13359;PF13613;PF05485","DDE superfamily endonuclease; Helix-turn-helix of DDE superfamily endonuclease; THAP domain","IPR027806;IPR027805;IPR006612","Harbinger transposase-derived nuclease domain; Transposase, Helix-turn-helix domain; THAP-type zinc finger","GO:0003676","Y"
"351","g19508",1.49906717166015,2.56533662815599,3.71623594239901,0.000524543422796585,0.0269982948041114,"B+","scaffold_7","A",1169,"scaffold_7",NA,"A0A067RI11","PF02958","Ecdysteroid kinase","IPR004119","Ecdysteroid kinase-like",NA,"Y"
"355","g23117",1.51113858425903,5.11608337371174,3.68866506252605,0.000562262342302629,0.02861360979166,"B+","scaffold_222","A",1096,"scaffold_222","DMPM_STRAD","A0A1W1W4Q1","PF16864;PF00891","Dimerisation domain; O-methyltransferase domain","IPR031725;IPR001077","Acetylserotonin O-methyltransferase, dimerisation domain; O-methyltransferase domain","GO:0008171","Y"
"360","g9307",-6.56415638369046,-1.47151418980362,-3.72470987326746,0.000594891810724865,0.0298536540348761,"B-","scaffold_1544","A",924,"scaffold_1544","FA10_MOUSE","A0A067QKT3","PF00089","Trypsin","IPR001254","Serine proteases, trypsin domain","GO:0004252;GO:0006508","Y"
"361","g22599",1.64425660754925,-0.0412517471763441,3.65640973487024,0.000609795250738724,0.030516789473257,"B+","scaffold_6","A",2419,"scaffold_6",NA,"D6WTN9","PF17921","Integrase zinc binding domain","IPR041588","Integrase zinc-binding domain",NA,"Y"
"363","g23396",-2.21615719177775,-0.37228542755454,-3.64836586713359,0.00062308882732094,0.0310102555217083,"B-","scaffold_364","A",1075,"scaffold_364","HARB1_HUMAN","J9KAE0","PF13359","DDE superfamily endonuclease","IPR027806","Harbinger transposase-derived nuclease domain",NA,"Y"
"366","g18500",-2.67513423018158,-0.944156872919653,-3.63388850072674,0.000649055745686962,0.0320223128727286,"B-","scaffold_273","A",894,"scaffold_273",NA,NA,"PF00194","Eukaryotic-type carbonic anhydrase","IPR001148","Alpha carbonic anhydrase domain",NA,"Y"
"368","g507",6.57591240261158,-0.714169273459835,3.68890591500926,0.000653125074427581,0.0320634717244801,"B+","scaffold_816","B2",601,"scaffold_816",NA,NA,"PF11838","ERAP1-like C-terminal domain","IPR024571","ERAP1-like C-terminal domain",NA,"Y"
"370","g2891",1.51484597514843,0.832478069146582,3.62516377458753,0.000659538403384689,0.0322032994474265,"B+","scaffold_89","A",1255,"scaffold_89",NA,NA,"PF08395","7tm Chemosensory receptor","IPR013604","7TM chemoreceptor","GO:0016021;GO:0050909","Y"
"371","g9701",3.3802364388492,-4.30613884332548,3.63207103318734,0.00066207581502166,0.0322400584209739,"B+","scaffold_784","A",2215,"scaffold_784","THAP9_HUMAN","A0A151IM28","PF05485;PF12017","THAP domain; Transposase protein","IPR006612;IPR021896","THAP-type zinc finger; Transposase protein","GO:0003676;GO:0004803;GO:0006313","Y"
"372","g2001",4.48192391286232,-2.72646169338987,3.64249129248328,0.0006712770972387,0.0325692354701388,"B+","scaffold_581","A",862,"scaffold_581",NA,"J9MAL5","PF07690","Major Facilitator Superfamily","IPR011701","Major facilitator superfamily","GO:0016021;GO:0055085","Y"
"373","g22652",3.52193290457024,-1.02233156283931,3.6276240699443,0.000672441316858285,0.0325692354701388,"B+","scaffold_6","A",824,"scaffold_6",NA,"A0A2J7R4W8","PF00201","UDP-glucoronosyl and UDP-glucosyl transferase","IPR002213","UDP-glucuronosyl/UDP-glucosyltransferase","GO:0016758","Y"
"376","g11244",3.50207543904626,-3.67757208645633,3.61743636067211,0.00068960441009378,0.0331340246615804,"B+","scaffold_4","A",876,"scaffold_4",NA,NA,"PF13873","Myb/SANT-like DNA-binding domain","IPR028002","Myb/SANT-like DNA-binding domain",NA,"Y"
"377","g8639",3.23897975543627,-3.54159693753852,3.60357018878908,0.000708784151685155,0.0339652373590027,"B+","scaffold_87","A",2221,"scaffold_87",NA,"J9KCA7",NA,NA,NA,NA,NA,"Y"
"381","g23189",1.8726366054725,2.54368990544688,3.58217499494151,0.000734764359947003,0.0348405588629988,"B+","scaffold_508","A",2708,"scaffold_508",NA,"R4ZGG0",NA,NA,NA,NA,NA,"Y"
"382","g16906",3.07600829177622,-2.48160383571028,3.58599358111613,0.000737880122940717,0.0348967075943639,"B+","scaffold_8","A",1224,"scaffold_8",NA,"D6WTN9",NA,NA,NA,NA,NA,"Y"
"383","g3125",-1.69124138271316,0.364537373254147,-3.57750000407487,0.000743250879030831,0.0350589304975744,"B-","scaffold_641","A",1227,"scaffold_641","VCP_AEDAE","A0A087T9Q9","PF00450","Serine carboxypeptidase","IPR001563","Peptidase S10, serine carboxypeptidase","GO:0004185;GO:0006508","Y"
"384","g21452",-4.29098192461315,-3.80280952484249,-3.59828700120299,0.000745550017416575,0.035072238030764,"B-","scaffold_293","A",442,"scaffold_293",NA,NA,"PF13202","EF hand","IPR002048","EF-hand domain","GO:0005509","Y"
"385","g20062",1.490729757536,5.00066164792326,3.57523665813658,0.000747415678171378,0.035072238030764,"B+","scaffold_604","A",1339,"scaffold_604","LIPR1_RAT","J9K5A2","PF00151","Lipase","IPR013818","Lipase/vitellogenin",NA,"Y"
"388","g20277",3.27472042316825,-2.54642493843013,3.57667483493554,0.000759340830367433,0.0352694126118629,"B+","scaffold_119","A",1422,"scaffold_119",NA,"T1I516","PF00083","Sugar (and other) transporter","IPR005828","Major facilitator,  sugar transporter-like","GO:0016021;GO:0022857;GO:0055085","Y"
"390","g9062",3.19887415146811,-3.96224250245504,3.57194362848838,0.000766863297314962,0.0355234675110054,"B+","scaffold_848","B1",1025,"scaffold_848",NA,"A0A1H8D3N8","PF09820","Predicted AAA-ATPase","IPR018631","AAA-ATPase-like domain",NA,"Y"
"391","g506",5.05981482940068,-1.24524977870406,3.59812926256737,0.000771566230654466,0.0356468093910867,"B+","scaffold_816","B2",905,"scaffold_816",NA,"A0A2J7RAG5","PF01433","Peptidase family M1 domain","IPR014782","Peptidase M1, membrane alanine aminopeptidase","GO:0008237;GO:0008270","Y"
"393","g8450",1.79295560769445,2.88339121684428,3.56007406746928,0.000776439270152613,0.0356468093910867,"B+","scaffold_232","A",859,"scaffold_232",NA,NA,"PF05485","THAP domain","IPR006612","THAP-type zinc finger","GO:0003676","Y"
"397","g11915",3.30515882255484,-2.79468417706659,3.55053315144897,0.000811825241664421,0.0369431607453638,"B+","scaffold_513","A",882,"scaffold_513","HARB1_DANRE","J9JZE9","PF13359","DDE superfamily endonuclease","IPR027806","Harbinger transposase-derived nuclease domain",NA,"Y"
"398","g12078",-1.56429774728891,0.469917795244575,-3.53743827169222,0.000821475985631362,0.0372764364483628,"B-","scaffold_238","A",1379,"scaffold_238","PABP_DROME","A0A0H2UI64","PF00076","RNA recognition motif. (a.k.a. RRM, RBD, or RNP domain)","IPR000504","RNA recognition motif domain","GO:0003676","Y"
"399","g17873",1.64429765703218,1.79861394684421,3.53657536103722,0.000823275663837971,0.0372764364483628,"B+","scaffold_146","A",1096,"scaffold_146","C4G15_DROME","A0A195CUP0","PF00067","Cytochrome P450","IPR001128","Cytochrome P450","GO:0005506;GO:0016705;GO:0020037;GO:0055114","Y"
"401","g18982",3.31200538778172,-4.78301932702654,3.52561244032863,0.000864634103939574,0.0389538147675121,"B+","scaffold_163","A",2486,"scaffold_163",NA,"A0A482WV26",NA,NA,NA,NA,NA,"Y"
"403","g10080",3.2777750734552,0.19268366503165,3.52027575749939,0.000875438278087655,0.039244833577994,"B+","scaffold_130","A",2133,"scaffold_130",NA,NA,"PF09820","Predicted AAA-ATPase","IPR018631","AAA-ATPase-like domain",NA,"Y"
"405","g12973",3.32635840411237,2.37077564990438,3.51735861053612,0.000883184608575569,0.0393965756506821,"B+","scaffold_83","A",2618,"scaffold_83","GRM1_HUMAN","D6WA59","PF00003;PF01094","7 transmembrane sweet-taste receptor of 3 GCPR; Receptor family ligand binding region","IPR017978;IPR001828","GPCR family 3, C-terminal; Receptor, ligand binding region","GO:0004930;GO:0007186;GO:0016021","Y"
"406","g22478",-1.21034519745119,3.16988743705618,-3.5024708596757,0.000896294801898686,0.0398829110618268,"B-","scaffold_228","A",3546,"scaffold_228","GCY3E_DROME","A0A139WDK0","PF01094;PF07714;PF00211","Receptor family ligand binding region; Protein tyrosine kinase; Adenylate and Guanylate cyclase catalytic domain","IPR001828;IPR001245;IPR001054","Receptor, ligand binding region; Serine-threonine/tyrosine-protein kinase, catalytic domain; Adenylyl cyclase class-3/4/guanylyl cyclase","GO:0004672;GO:0006468;GO:0009190;GO:0016849;GO:0035556","Y"
"407","g7608",1.76524445242905,3.45745925700835,3.49152846444687,0.00092122407960698,0.0407342259402453,"B+","scaffold_663","A",1709,"scaffold_663",NA,"H2J749","PF09820","Predicted AAA-ATPase","IPR018631","AAA-ATPase-like domain",NA,"Y"
"409","g3554",-1.22082911914114,1.52458060646063,-3.49103273755264,0.00092219076771617,0.0407342259402453,"B-","scaffold_10","A",686,"scaffold_10",NA,NA,"PF01067","Calpain large subunit, domain III","IPR022682","Peptidase C2, calpain, large subunit, domain III",NA,"Y"
"410","g7451",-3.0246375057864,-2.95467582207937,-3.48769642350023,0.000943549911773579,0.0415760309904914,"B-","scaffold_208","A",206,"scaffold_208",NA,NA,"PF00076","RNA recognition motif. (a.k.a. RRM, RBD, or RNP domain)","IPR000504","RNA recognition motif domain","GO:0003676","Y"
"411","g14981",1.92355109819476,-0.489202079581184,3.48101001514203,0.000945953489044873,0.0415805248980162,"B+","scaffold_351","A",612,"scaffold_351",NA,"J9JUF0","PF05577","Serine carboxypeptidase S28","IPR008758","Peptidase S28","GO:0006508;GO:0008236","Y"
"413","g19106",2.70697842941116,-2.75094814885452,3.47992017108185,0.000955555842287313,0.0417992054401032,"B+","scaffold_38","A",1067,"scaffold_38",NA,"A0A139WPM1","PF00098","Zinc knuckle","IPR001878","Zinc finger, CCHC-type","GO:0003676;GO:0008270","Y"
"414","g5794",4.97761394412133,1.06236451803108,3.50839319286081,0.000967345974148126,0.0422127351907247,"B+","scaffold_255","A",1646,"scaffold_255","EST6_APIME","A0A067QXD4","PF00135","Carboxylesterase family","IPR002018","Carboxylesterase, type B",NA,"Y"
"415","g6123",3.04518302058051,-1.65078063893616,3.46772793134012,0.000992491826578652,0.0432056803348673,"B+","scaffold_5","A",2610,"scaffold_5","YRD6_CAEEL","A0A182PW13","PF00665","Integrase core domain","IPR001584","Integrase, catalytic core","GO:0015074","Y"
"416","g4054",0.947499358913822,5.1894296667299,3.45771047774412,0.00100185769555169,0.0435085604034538,"B+","scaffold_438","A",1726,"scaffold_438",NA,NA,"PF07707;PF00651","BTB And C-terminal Kelch; BTB/POZ domain","IPR011705;IPR000210","BTB/Kelch-associated; BTB/POZ domain","GO:0005515","Y"
"417","g23074",3.59401702791004,-1.77044254410959,3.46120990084987,0.00102662919383652,0.044477417304198,"B+","scaffold_82","A",5355,"scaffold_82","FGFR3_DANRE","A0A482WJJ4","PF07714;PF01403;PF17960;PF18020;PF01833","Protein tyrosine kinase; Sema domain; TIG domain; TIG domain found in plexin; IPT/TIG domain","IPR001245;IPR001627;IPR041019;IPR041362;IPR002909","Serine-threonine/tyrosine-protein kinase, catalytic domain; Sema domain; Plexin, TIG domain 1; Plexin, TIG domain 2; IPT domain","GO:0004672;GO:0006468;GO:0005515","Y"
"418","g12187",2.71509177553742,-4.47932676779875,3.4488516144745,0.00103278041263359,0.0446368682646854,"B+","scaffold_170","A",1851,"scaffold_170",NA,"J9LV95","PF04937","Protein of unknown function (DUF 659)","IPR007021","Domain of unknown function DUF659",NA,"Y"
"422","g14875",-1.51833909326896,1.10630105708154,-3.43919903156017,0.0010489977078304,0.0449080393119999,"B-","scaffold_33","A",1137,"scaffold_33",NA,NA,"PF00096","Zinc finger, C2H2 type","IPR013087","Zinc finger C2H2-type","GO:0003676","Y"
"424","g16040",-3.22948283252671,1.05392408821749,-3.4197987719273,0.00112500501457388,0.0478770363622862,"B-","scaffold_225","A",683,"scaffold_225",NA,NA,"PF14724","Mitochondrial-associated sphingomyelin phosphodiesterase","IPR024129","Sphingomyelin phosphodiesterase 4","GO:0050290","Y"
"425","g10056",2.65340724194311,2.18242786941182,3.41360351547799,0.00112630025760941,0.0478770363622862,"B+","scaffold_130","A",1458,"scaffold_130",NA,"A0A067R8V8","PF00328","Histidine phosphatase superfamily (branch 2)","IPR000560","Histidine phosphatase superfamily, clade-2",NA,"Y"
"429","g14154",1.79379076005945,-0.509832229729114,3.39513284609792,0.00117028394681189,0.0492828666272813,"B+","scaffold_3","A",774,"scaffold_3",NA,NA,"PF13873","Myb/SANT-like DNA-binding domain","IPR028002","Myb/SANT-like DNA-binding domain",NA,"Y"
"430","g11609",1.92000277679535,-0.233550243219994,3.39135385338259,0.00118164176569427,0.0495501159405093,"B+","scaffold_289","A",864,"scaffold_289",NA,NA,"PF00041","Fibronectin type III domain","IPR003961","Fibronectin type III","GO:0005515","Y"
"431","g17634",1.60022298857363,1.38498949711968,3.39097881102518,0.00118211557457985,0.0495501159405093,"B+","scaffold_448","A",664,"scaffold_448",NA,NA,"PF07679;PF13895","Immunoglobulin I-set domain; Immunoglobulin domain","IPR013098;IPR007110","Immunoglobulin I-set; Immunoglobulin-like domain",NA,"Y"
"432","g7375",2.7413949056982,-3.60005401466376,3.39094060058313,0.00119363630857563,0.0499172072933505,"B+","scaffold_774","A",1181,"scaffold_774",NA,NA,"PF02949","7tm Odorant receptor","IPR004117","Olfactory receptor, insect","GO:0004984;GO:0005549;GO:0007608;GO:0016020","Y"
